id,is_correct,errors,n_errors,pred,gold
0,True,,0,SELECT count(*) FROM singer,SELECT count(*) FROM singer
1,True,,0,SELECT count(*) FROM singer,SELECT count(*) FROM singer
2,True,,0,"SELECT name , country , age FROM singer ORDER BY age DESC","SELECT name , country , age FROM singer ORDER BY age DESC"
3,True,,0,"SELECT name , country , age FROM singer ORDER BY age DESC","SELECT name , country , age FROM singer ORDER BY age DESC"
4,True,,0,"SELECT avg(age) , min(age) , max(age) FROM singer WHERE country = 'France'","SELECT avg(age) , min(age) , max(age) FROM singer WHERE country = 'France'"
5,True,,0,"SELECT avg(age) , min(age) , max(age) FROM singer WHERE country = 'France'","SELECT avg(age) , min(age) , max(age) FROM singer WHERE country = 'France'"
6,False,hallucinated_column|extra_join,2,"SELECT T1.song_name , T2.song_release_year FROM singer AS T1 JOIN singer AS T2 ON T1.Singer_id = T2.Singer_id ORDER BY T1.age LIMIT 1","SELECT song_name , song_release_year FROM singer ORDER BY age LIMIT 1"
7,True,,0,"SELECT song_name , song_release_year FROM singer ORDER BY age LIMIT 1","SELECT song_name , song_release_year FROM singer ORDER BY age LIMIT 1"
8,True,,0,SELECT DISTINCT country FROM singer WHERE age > 20,SELECT DISTINCT country FROM singer WHERE age > 20
9,True,,0,SELECT DISTINCT country FROM singer WHERE age > 20,SELECT DISTINCT country FROM singer WHERE age > 20
10,False,hallucinated_table|hallucinated_column|extra_join,3,"SELECT count(*) , T1.Country FROM singer AS T1 JOIN singer_in_concert AS T2 ON T1.Singer_ID = T2.Singer_ID GROUP BY T1.Country","SELECT country , count(*) FROM singer GROUP BY country"
11,True,,0,"SELECT count(*) , country FROM singer GROUP BY country","SELECT country , count(*) FROM singer GROUP BY country"
12,False,hallucinated_table|hallucinated_column|extra_join,3,SELECT T1.song_name FROM singer AS T1 JOIN singer_in_concert AS T2 ON T1.singer_id = T2.singer_id JOIN concert AS T3 ON T2.concert_id = T3.concert_id WHERE T1.age > (SELECT avg(age) FROM singer),SELECT song_name FROM singer WHERE age > (SELECT avg(age) FROM singer)
13,False,hallucinated_column|extra_join,2,SELECT T1.song_name FROM singer AS T1 JOIN singer AS T2 ON T1.Singer_id = T2.Singer_id WHERE T1.age > (SELECT avg(age) FROM singer),SELECT song_name FROM singer WHERE age > (SELECT avg(age) FROM singer)
14,True,,0,"SELECT LOCATION , NAME FROM stadium WHERE Capacity BETWEEN 5000 AND 10000","SELECT LOCATION , name FROM stadium WHERE capacity BETWEEN 5000 AND 10000"
15,True,,0,"SELECT LOCATION , NAME FROM stadium WHERE Capacity BETWEEN 5000 AND 10000","SELECT LOCATION , name FROM stadium WHERE capacity BETWEEN 5000 AND 10000"
16,False,missing_select_column|wrong_aggregation,2,"SELECT max(capacity) , avg(capacity) FROM stadium","select max(capacity), average from stadium"
17,True,,0,"SELECT avg(capacity) , max(capacity) FROM stadium","select avg(capacity) , max(capacity) from stadium"
18,True,,0,"SELECT name , capacity FROM stadium ORDER BY average DESC LIMIT 1","SELECT name , capacity FROM stadium ORDER BY average DESC LIMIT 1"
19,True,,0,"SELECT name , capacity FROM stadium ORDER BY average DESC LIMIT 1","SELECT name , capacity FROM stadium ORDER BY average DESC LIMIT 1"
20,True,,0,SELECT count(*) FROM concert WHERE YEAR = 2014 OR YEAR = 2015,SELECT count(*) FROM concert WHERE YEAR = 2014 OR YEAR = 2015
21,True,,0,SELECT count(*) FROM concert WHERE YEAR = 2014 OR YEAR = 2015,SELECT count(*) FROM concert WHERE YEAR = 2014 OR YEAR = 2015
22,True,,0,"SELECT T1.Name , COUNT(*) FROM stadium AS T1 JOIN concert AS T2 ON T1.Stadium_ID = T2.Stadium_ID GROUP BY T1.Stadium_ID","SELECT T2.name , count(*) FROM concert AS T1 JOIN stadium AS T2 ON T1.stadium_id = T2.stadium_id GROUP BY T1.stadium_id"
23,False,wrong_group_by_column,1,"SELECT count(*) , T1.Name FROM stadium AS T1 JOIN concert AS T2 ON T1.Stadium_ID = T2.Stadium_ID GROUP BY T1.Name","SELECT T2.name , count(*) FROM concert AS T1 JOIN stadium AS T2 ON T1.stadium_id = T2.stadium_id GROUP BY T1.stadium_id"
24,False,wrong_join_count,1,"SELECT T3.name , T3.capacity FROM concert AS T1 JOIN stadium AS T2 ON T1.stadium_id = T2.stadium_id JOIN stadium AS T3 ON T1.stadium_id = T3.stadium_id WHERE T1.year >= 2014 GROUP BY T1.stadium_id ORDER BY count(*) DESC LIMIT 1","SELECT T2.name , T2.capacity FROM concert AS T1 JOIN stadium AS T2 ON T1.stadium_id = T2.stadium_id WHERE T1.year >= 2014 GROUP BY T2.stadium_id ORDER BY count(*) DESC LIMIT 1"
25,True,,0,"SELECT T1.Name , T1.Capacity FROM stadium AS T1 JOIN concert AS T2 ON T1.Stadium_ID = T2.Stadium_ID WHERE T2.Year > 2013 GROUP BY T1.Stadium_ID ORDER BY COUNT(*) DESC LIMIT 1","select t2.name , t2.capacity from concert as t1 join stadium as t2 on t1.stadium_id = t2.stadium_id where t1.year > 2013 group by t2.stadium_id order by count(*) desc limit 1"
26,True,,0,SELECT YEAR FROM concert GROUP BY YEAR ORDER BY count(*) DESC LIMIT 1,SELECT YEAR FROM concert GROUP BY YEAR ORDER BY count(*) DESC LIMIT 1
27,True,,0,SELECT YEAR FROM concert GROUP BY YEAR ORDER BY count(*) DESC LIMIT 1,SELECT YEAR FROM concert GROUP BY YEAR ORDER BY count(*) DESC LIMIT 1
28,True,,0,SELECT name FROM stadium WHERE stadium_id NOT IN ( SELECT stadium_id FROM concert ),SELECT name FROM stadium WHERE stadium_id NOT IN (SELECT stadium_id FROM concert)
29,True,,0,SELECT name FROM stadium WHERE stadium_id NOT IN ( SELECT stadium_id FROM concert ),SELECT name FROM stadium WHERE stadium_id NOT IN (SELECT stadium_id FROM concert)
30,True,,0,SELECT country FROM singer WHERE age > 40 INTERSECT SELECT country FROM singer WHERE age < 30,SELECT country FROM singer WHERE age > 40 INTERSECT SELECT country FROM singer WHERE age < 30
31,False,hallucinated_table|hallucinated_column|wrong_join_count|wrong_set_op_branch,4,SELECT name FROM stadium EXCEPT SELECT T3.name FROM concert AS T1 JOIN stadium AS T2 ON T1.stadium_id = T2.stadium_id JOIN singer_in_concert AS T3 ON T1.concert_id = T3.concert_id WHERE T1.year != 2014,SELECT name FROM stadium EXCEPT SELECT T2.name FROM concert AS T1 JOIN stadium AS T2 ON T1.stadium_id = T2.stadium_id WHERE T1.year = 2014
32,False,missing_column|missing_join|wrong_where_operator|missing_set_operation|wrong_set_op_branch,5,SELECT name FROM stadium WHERE stadium_id NOT IN ( SELECT stadium_id FROM concert WHERE YEAR = 2014 ),SELECT name FROM stadium EXCEPT SELECT T2.name FROM concert AS T1 JOIN stadium AS T2 ON T1.stadium_id = T2.stadium_id WHERE T1.year = 2014
33,False,wrong_group_by_column,1,"SELECT T1.concert_name , T2.theme , COUNT(*) FROM concert AS T1 JOIN singer_in_concert AS T2 ON T1.concert_id = T2.concert_id GROUP BY T1.concert_name","SELECT T2.concert_name , T2.theme , count(*) FROM singer_in_concert AS T1 JOIN concert AS T2 ON T1.concert_id = T2.concert_id GROUP BY T2.concert_id"
34,False,wrong_group_by_column,1,"SELECT T1.concert_name , T2.theme , COUNT(*) FROM concert AS T1 JOIN singer_in_concert AS T2 ON T1.concert_id = T2.concert_id GROUP BY T1.concert_name","select t2.concert_name , t2.theme , count(*) from singer_in_concert as t1 join concert as t2 on t1.concert_id = t2.concert_id group by t2.concert_id"
35,True,,0,"SELECT T1.Name , COUNT(*) FROM singer AS T1 JOIN singer_in_concert AS T2 ON T1.Singer_ID = T2.Singer_ID GROUP BY T1.Singer_ID","SELECT T2.name , count(*) FROM singer_in_concert AS T1 JOIN singer AS T2 ON T1.singer_id = T2.singer_id GROUP BY T2.singer_id"
36,False,wrong_group_by_column,1,"SELECT T1.Name , COUNT(*) FROM singer AS T1 JOIN singer_in_concert AS T2 ON T1.Singer_ID = T2.Singer_ID GROUP BY T1.Name","SELECT T2.name , count(*) FROM singer_in_concert AS T1 JOIN singer AS T2 ON T1.singer_id = T2.singer_id GROUP BY T2.singer_id"
37,True,,0,SELECT T3.name FROM concert AS T1 JOIN singer_in_concert AS T2 ON T1.concert_id = T2.concert_id JOIN singer AS T3 ON T2.singer_id = T3.Singer_ID WHERE T1.year = 2014,SELECT T2.name FROM singer_in_concert AS T1 JOIN singer AS T2 ON T1.singer_id = T2.singer_id JOIN concert AS T3 ON T1.concert_id = T3.concert_id WHERE T3.year = 2014
38,True,,0,SELECT T3.name FROM singer AS T1 JOIN singer_in_concert AS T2 ON T1.singer_id = T2.singer_id JOIN concert AS T3 ON T2.concert_id = T3.concert_id WHERE T3.year = 2014,SELECT T2.name FROM singer_in_concert AS T1 JOIN singer AS T2 ON T1.singer_id = T2.singer_id JOIN concert AS T3 ON T1.concert_id = T3.concert_id WHERE T3.year = 2014
39,False,hallucinated_table|hallucinated_column|extra_join,3,"SELECT T1.Name , T2.Country FROM singer AS T1 JOIN singer_in_concert AS T2 ON T1.Singer_ID = T2.Singer_ID WHERE T1.song_name LIKE '%Hey%'","SELECT name , country FROM singer WHERE song_name LIKE '%Hey%'"
40,False,hallucinated_table|hallucinated_column|extra_join,3,"SELECT T1.Name , T1.Country FROM singer AS T1 JOIN singer_in_concert AS T2 ON T1.Singer_ID = T2.Singer_ID JOIN CONCERT AS T3 ON T2.concert_ID = T3.concert_ID WHERE T3.Theme LIKE '%Hey%'","SELECT name , country FROM singer WHERE song_name LIKE '%Hey%'"
41,False,missing_column|wrong_set_op_branch,2,"SELECT T1.Name , T1.Location FROM stadium AS T1 JOIN concert AS T2 ON T1.Stadium_ID = T2.Stadium_ID WHERE YEAR = '2014' INTERSECT SELECT T1.Name , T1.Location FROM stadium AS T1 JOIN concert AS T2 ON T1.Stadium_ID = T2.Stadium_ID WHERE YEAR = '2015'","SELECT T2.name , T2.location FROM concert AS T1 JOIN stadium AS T2 ON T1.stadium_id = T2.stadium_id WHERE T1.Year = 2014 INTERSECT SELECT T2.name , T2.location FROM concert AS T1 JOIN stadium AS T2 ON T1.stadium_id = T2.stadium_id WHERE T1.Year = 2015"
42,False,wrong_join_count|wrong_set_op_branch,2,"SELECT T3.Name , T3.Location FROM concert AS T1 JOIN stadium AS T2 ON T1.Stadium_ID = T2.Stadium_ID JOIN stadium AS T3 ON T1.Stadium_ID = T3.Stadium_ID WHERE T1.Year = 2014 INTERSECT SELECT T3.Name , T3.Location FROM concert AS T1 JOIN stadium AS T2 ON T1.Stadium_ID = T2.Stadium_ID JOIN stadium AS T3 ON T1.Stadium_ID = T3.Stadium_ID WHERE T1.Year = 2015","SELECT T2.name , T2.location FROM concert AS T1 JOIN stadium AS T2 ON T1.stadium_id = T2.stadium_id WHERE T1.Year = 2014 INTERSECT SELECT T2.name , T2.location FROM concert AS T1 JOIN stadium AS T2 ON T1.stadium_id = T2.stadium_id WHERE T1.Year = 2015"
43,False,missing_table|hallucinated_table|wrong_aggregation|missing_order_by|missing_limit,5,SELECT count(*) FROM stadium WHERE capacity = ( SELECT max(capacity) FROM stadium ),select count(*) from concert where stadium_id = (select stadium_id from stadium order by capacity desc limit 1)
44,False,missing_table|hallucinated_table|wrong_aggregation|missing_order_by|missing_limit,5,SELECT count(*) FROM stadium WHERE capacity = ( SELECT max(capacity) FROM stadium ),select count(*) from concert where stadium_id = (select stadium_id from stadium order by capacity desc limit 1)
45,True,,0,SELECT count(*) FROM Pets WHERE weight > 10,SELECT count(*) FROM pets WHERE weight > 10
46,True,,0,SELECT count(*) FROM Pets WHERE weight > 10,SELECT count(*) FROM pets WHERE weight > 10
47,False,extra_aggregation|extra_where|missing_order_by|missing_limit|extra_subquery,5,SELECT max(weight) FROM pets WHERE pet_type = 'dog' AND pet_age = ( SELECT min(pet_age) FROM pets WHERE pet_type = 'dog' ),SELECT weight FROM pets ORDER BY pet_age LIMIT 1
48,False,extra_aggregation|extra_where|missing_order_by|missing_limit|extra_subquery,5,SELECT max(weight) FROM pets WHERE pet_type = 'dog' AND pet_age = ( SELECT min(pet_age) FROM pets WHERE pet_type = 'dog' ),SELECT weight FROM pets ORDER BY pet_age LIMIT 1
49,True,,0,"SELECT max(weight) , pettype FROM pets GROUP BY pettype","SELECT max(weight) , petType FROM pets GROUP BY petType"
50,True,,0,"SELECT max(weight) , pettype FROM pets GROUP BY pettype","SELECT max(weight) , petType FROM pets GROUP BY petType"
51,True,,0,SELECT count(*) FROM student AS T1 JOIN has_pet AS T2 ON T1.stuid = T2.stuid WHERE T1.age > 20,SELECT count(*) FROM student AS T1 JOIN has_pet AS T2 ON T1.stuid = T2.stuid WHERE T1.age > 20
52,False,missing_table|missing_column|missing_join,3,SELECT count(*) FROM student WHERE age > 20,SELECT count(*) FROM student AS T1 JOIN has_pet AS T2 ON T1.stuid = T2.stuid WHERE T1.age > 20
53,True,,0,SELECT count(*) FROM student AS T1 JOIN has_pet AS T2 ON T1.stuid = T2.stuid JOIN pets AS T3 ON T2.petid = T3.petid WHERE T1.sex = 'F' AND T3.Pettype = 'Dog',SELECT count(*) FROM student AS T1 JOIN has_pet AS T2 ON T1.stuid = T2.stuid JOIN pets AS T3 ON T2.petid = T3.petid WHERE T1.sex = 'F' AND T3.pettype = 'dog'
54,True,,0,SELECT count(*) FROM student AS T1 JOIN has_pet AS T2 ON T1.stuid = T2.stuid JOIN pets AS T3 ON T2.petid = T3.petid WHERE T1.sex = 'F' AND T3.Pettype = 'Dog',SELECT count(*) FROM student AS T1 JOIN has_pet AS T2 ON T1.stuid = T2.stuid JOIN pets AS T3 ON T2.petid = T3.petid WHERE T1.sex = 'F' AND T3.pettype = 'dog'
55,True,,0,SELECT count(DISTINCT pettype) FROM Pets,SELECT count(DISTINCT pettype) FROM pets
56,True,,0,SELECT count(DISTINCT Pettype) FROM Pets,SELECT count(DISTINCT pettype) FROM pets
57,False,missing_distinct,1,SELECT T1.fname FROM student AS T1 JOIN has_pet AS T2 ON T1.stuid = T2.stuid JOIN pets AS T3 ON T2.petid = T3.petid WHERE T3.pettype = 'cat' OR T3.pettype = 'dog',SELECT DISTINCT T1.Fname FROM student AS T1 JOIN has_pet AS T2 ON T1.stuid = T2.stuid JOIN pets AS T3 ON T3.petid = T2.petid WHERE T3.pettype = 'cat' OR T3.pettype = 'dog'
58,False,missing_distinct,1,SELECT T1.fname FROM STUDENT AS T1 JOIN HAS_PET AS T2 ON T1.Stuid = T2.stuid JOIN Pets AS T3 ON T2.PetID = T3.petid WHERE T3.pettype = 'cat' OR T3.pettype = 'dog',SELECT DISTINCT T1.Fname FROM student AS T1 JOIN has_pet AS T2 ON T1.stuid = T2.stuid JOIN pets AS T3 ON T3.petid = T2.petid WHERE T3.pettype = 'cat' OR T3.pettype = 'dog'
59,False,wrong_set_op_branch,1,SELECT T1.fname FROM student AS T1 JOIN has_pet AS T2 ON T1.stuid = T2.stuid JOIN pets AS T3 ON T2.petid = T3.petid WHERE T3.pettype = 'cat' INTERSECT SELECT T1.fname FROM student AS T1 JOIN has_pet AS T2 ON T1.stuid = T2.stuid JOIN pets AS T3 ON T2.petid = T3.petid WHERE T3.pettype = 'dog',select t1.fname from student as t1 join has_pet as t2 on t1.stuid = t2.stuid join pets as t3 on t3.petid = t2.petid where t3.pettype = 'cat' intersect select t1.fname from student as t1 join has_pet as t2 on t1.stuid = t2.stuid join pets as t3 on t3.petid = t2.petid where t3.pettype = 'dog'
60,False,wrong_set_op_branch,1,SELECT T1.fname FROM student AS T1 JOIN has_pet AS T2 ON T1.stuid = T2.stuid JOIN pets AS T3 ON T2.petid = T3.petid WHERE T3.pettype = 'cat' INTERSECT SELECT T1.fname FROM student AS T1 JOIN has_pet AS T2 ON T1.stuid = T2.stuid JOIN pets AS T3 ON T2.petid = T3.petid WHERE T3.pettype = 'dog',SELECT T1.Fname FROM student AS T1 JOIN has_pet AS T2 ON T1.stuid = T2.stuid JOIN pets AS T3 ON T3.petid = T2.petid WHERE T3.pettype = 'cat' INTERSECT SELECT T1.Fname FROM student AS T1 JOIN has_pet AS T2 ON T1.stuid = T2.stuid JOIN pets AS T3 ON T3.petid = T2.petid WHERE T3.pettype = 'dog'
61,False,missing_table|hallucinated_column|missing_column|wrong_join_count|wrong_where_operator|missing_subquery,6,"SELECT T1.Major , T1.Age FROM STUDENT AS T1 JOIN Pets AS T2 ON T1.StuID = T2.PetID WHERE T2.pet_type != 'Cat'","SELECT major , age FROM student WHERE stuid NOT IN (SELECT T1.stuid FROM student AS T1 JOIN has_pet AS T2 ON T1.stuid = T2.stuid JOIN pets AS T3 ON T3.petid = T2.petid WHERE T3.pettype = 'cat')"
62,False,missing_table|hallucinated_column|missing_column|wrong_join_count|wrong_where_operator|missing_subquery,6,"SELECT T1.Major , T2.Age FROM Student AS T1 JOIN Has_Pet AS T2 ON T1.StuID = T2.StuID WHERE T2.PetType != 'Cat'","SELECT major , age FROM student WHERE stuid NOT IN (SELECT T1.stuid FROM student AS T1 JOIN has_pet AS T2 ON T1.stuid = T2.stuid JOIN pets AS T3 ON T3.petid = T2.petid WHERE T3.pettype = 'cat')"
63,False,missing_table|missing_column|missing_join|wrong_set_op_branch,4,SELECT StuID FROM STUDENT EXCEPT SELECT StuID FROM has_pet WHERE Pettype = 'cat',SELECT stuid FROM student EXCEPT SELECT T1.stuid FROM student AS T1 JOIN has_pet AS T2 ON T1.stuid = T2.stuid JOIN pets AS T3 ON T3.petid = T2.petid WHERE T3.pettype = 'cat'
64,False,missing_table|missing_column|missing_join|wrong_set_op_branch|extra_subquery,5,SELECT StuID FROM Student EXCEPT SELECT StuID FROM Has_Pet WHERE PetID = (SELECT PetID FROM Pets WHERE PetType = 'Cat'),SELECT stuid FROM student EXCEPT SELECT T1.stuid FROM student AS T1 JOIN has_pet AS T2 ON T1.stuid = T2.stuid JOIN pets AS T3 ON T3.petid = T2.petid WHERE T3.pettype = 'cat'
65,False,wrong_where_operator|extra_set_operation,2,"SELECT T1.fname , T1.age FROM student AS T1 JOIN has_pet AS T2 ON T1.stuid = T2.stuid JOIN pets AS T3 ON T2.petid = T3.petid WHERE T3.pettype = 'dog' EXCEPT SELECT T1.fname , T1.age FROM student AS T1 JOIN has_pet AS T2 ON T1.stuid = T2.stuid JOIN pets AS T3 ON T2.petid = T3.petid WHERE T3.pettype = 'cat'","SELECT T1.fname , T1.age FROM student AS T1 JOIN has_pet AS T2 ON T1.stuid = T2.stuid JOIN pets AS T3 ON T3.petid = T2.petid WHERE T3.pettype = 'dog' AND T1.stuid NOT IN (SELECT T1.stuid FROM student AS T1 JOIN has_pet AS T2 ON T1.stuid = T2.stuid JOIN pets AS T3 ON T3.petid = T2.petid WHERE T3.pettype = 'cat')"
66,False,missing_column|missing_select_column|wrong_where_operator|extra_set_operation,4,SELECT T1.fname FROM STUDENT AS T1 JOIN HAS_PET AS T2 ON T1.stuid = T2.stuid JOIN Pets AS T3 ON T2.petid = T3.petid WHERE T3.Pettype = 'Dog' EXCEPT SELECT T1.fname FROM STUDENT AS T1 JOIN HAS_PET AS T2 ON T1.stuid = T2.stuid JOIN Pets AS T3 ON T2.petid = T3.petid WHERE T3.Pettype = 'Cat',"SELECT T1.fname , T1.age FROM student AS T1 JOIN has_pet AS T2 ON T1.stuid = T2.stuid JOIN pets AS T3 ON T3.petid = T2.petid WHERE T3.pettype = 'dog' AND T1.stuid NOT IN (SELECT T1.stuid FROM student AS T1 JOIN has_pet AS T2 ON T1.stuid = T2.stuid JOIN pets AS T3 ON T3.petid = T2.petid WHERE T3.pettype = 'cat')"
67,True,,0,"SELECT Pettype , weight FROM Pets ORDER BY pet_age LIMIT 1","SELECT pettype , weight FROM pets ORDER BY pet_age LIMIT 1"
68,False,hallucinated_table|hallucinated_column|extra_join|wrong_order_by_column,4,"SELECT T1.pettype , T2.weight FROM pets AS T1 JOIN students AS T2 ON T1.Petid = T2.Stuid ORDER BY T2.age LIMIT 1","SELECT pettype , weight FROM pets ORDER BY pet_age LIMIT 1"
69,True,,0,"SELECT petid , weight FROM pets WHERE pet_age > 1","SELECT petid , weight FROM pets WHERE pet_age > 1"
70,True,,0,"SELECT petid , weight FROM pets WHERE pet_age > 1","SELECT petid , weight FROM pets WHERE pet_age > 1"
71,False,hallucinated_column|extra_join,2,"SELECT avg(T1.pet_age) , max(T1.pet_age) , T2.PetType FROM Pets AS T1 JOIN Pets AS T2 ON T1.PetID = T2.PetID GROUP BY T2.PetType","SELECT avg(pet_age) , max(pet_age) , pettype FROM pets GROUP BY pettype"
72,False,wrong_select_column|missing_select_column|wrong_group_by_column,3,"SELECT avg(pet_age) , max(pet_age) , pet_type FROM pets GROUP BY pet_type","SELECT avg(pet_age) , max(pet_age) , pettype FROM pets GROUP BY pettype"
73,True,,0,"SELECT avg(weight) , pettype FROM pets GROUP BY pettype","SELECT avg(weight) , pettype FROM pets GROUP BY pettype"
74,True,,0,"SELECT avg(weight) , pettype FROM pets GROUP BY pettype","SELECT avg(weight) , pettype FROM pets GROUP BY pettype"
75,False,missing_distinct,1,"SELECT T1.Fname , T1.Age FROM STUDENT AS T1 JOIN HAS_PET AS T2 ON T1.Stuid = T2.Stuid","SELECT DISTINCT T1.fname , T1.age FROM student AS T1 JOIN has_pet AS T2 ON T1.stuid = T2.stuid"
76,True,,0,"SELECT DISTINCT T1.Fname , T1.Age FROM STUDENT AS T1 JOIN HAS_PET AS T2 ON T1.Stuid = T2.Stuid","SELECT DISTINCT T1.fname , T1.age FROM student AS T1 JOIN has_pet AS T2 ON T1.stuid = T2.stuid"
77,False,missing_table|hallucinated_table,2,SELECT T1.PetID FROM Students AS T1 JOIN Has_Pet AS T2 ON T1.Stuid = T2.Stuid WHERE T1.LName = 'Smith',SELECT T2.petid FROM student AS T1 JOIN has_pet AS T2 ON T1.stuid = T2.stuid WHERE T1.Lname = 'Smith'
78,True,,0,"SELECT T1.PetID FROM STUDENT AS T1 JOIN HAS_PET AS T2 ON T1.StuID = T2.StuID WHERE T1.LName = ""Smith""",SELECT T2.petid FROM student AS T1 JOIN has_pet AS T2 ON T1.stuid = T2.stuid WHERE T1.Lname = 'Smith'
79,True,,0,"SELECT count(*) , T1.Stuid FROM Student AS T1 JOIN Has_Pet AS T2 ON T1.Stuid = T2.Stuid GROUP BY T1.Stuid","SELECT count(*) , T1.stuid FROM student AS T1 JOIN has_pet AS T2 ON T1.stuid = T2.stuid GROUP BY T1.stuid"
80,False,missing_table|missing_column|missing_join,3,"SELECT StuID , count(*) FROM Has_Pet GROUP BY StuID","select count(*) , t1.stuid from student as t1 join has_pet as t2 on t1.stuid = t2.stuid group by t1.stuid"
81,True,,0,"SELECT T1.fname , T1.sex FROM Student AS T1 JOIN Has_Pet AS T2 ON T1.StuID = T2.StuID GROUP BY T1.StuID HAVING count(*) > 1","SELECT T1.fname , T1.sex FROM student AS T1 JOIN has_pet AS T2 ON T1.stuid = T2.stuid GROUP BY T1.stuid HAVING count(*) > 1"
82,True,,0,"SELECT T1.fname , T1.sex FROM student AS T1 JOIN has_pet AS T2 ON T1.stuid = T2.stuid GROUP BY T1.stuid HAVING count(*) > 1","SELECT T1.fname , T1.sex FROM student AS T1 JOIN has_pet AS T2 ON T1.stuid = T2.stuid GROUP BY T1.stuid HAVING count(*) > 1"
83,False,hallucinated_column|missing_column,2,SELECT T1.LName FROM STUDENT AS T1 JOIN HAS_PET AS T2 ON T1.StuID = T2.StuID JOIN Pets AS T3 ON T2.PetID = T3.PetID WHERE T3.pet_type = 'cat' AND T3.pet_age = 3,SELECT T1.lname FROM student AS T1 JOIN has_pet AS T2 ON T1.stuid = T2.stuid JOIN pets AS T3 ON T3.petid = T2.petid WHERE T3.pet_age = 3 AND T3.pettype = 'cat'
84,False,hallucinated_column|missing_column,2,SELECT T1.LName FROM STUDENT AS T1 JOIN HAS_PET AS T2 ON T1.StuID = T2.StuID JOIN Pets AS T3 ON T2.PetID = T3.PetID WHERE T3.pet_type = 'cat' AND T3.pet_age = 3,SELECT T1.lname FROM student AS T1 JOIN has_pet AS T2 ON T1.stuid = T2.stuid JOIN pets AS T3 ON T3.petid = T2.petid WHERE T3.pet_age = 3 AND T3.pettype = 'cat'
85,True,,0,SELECT avg(age) FROM student WHERE StuID NOT IN ( SELECT StuID FROM has_pet ),select avg(age) from student where stuid not in (select stuid from has_pet)
86,True,,0,SELECT avg(age) FROM student WHERE StuID NOT IN ( SELECT StuID FROM has_pet ),select avg(age) from student where stuid not in (select stuid from has_pet)
87,True,,0,SELECT count(*) FROM continents,SELECT count(*) FROM CONTINENTS
88,True,,0,SELECT count(*) FROM continents,SELECT count(*) FROM CONTINENTS
89,True,,0,"SELECT T1.contid , T2.Continent , COUNT(*) FROM countries AS T1 JOIN continents AS T2 ON T1.Continent = T2.Contid GROUP BY T1.contid","SELECT T1.ContId , T1.Continent , count(*) FROM CONTINENTS AS T1 JOIN COUNTRIES AS T2 ON T1.ContId = T2.Continent GROUP BY T1.ContId"
90,False,missing_table|missing_column|missing_join|wrong_group_by_column,4,"SELECT contid , continent , count(*) FROM countries GROUP BY continent","SELECT T1.ContId , T1.Continent , count(*) FROM CONTINENTS AS T1 JOIN COUNTRIES AS T2 ON T1.ContId = T2.Continent GROUP BY T1.ContId"
91,True,,0,SELECT count(*) FROM countries,SELECT count(*) FROM COUNTRIES
92,True,,0,SELECT count(*) FROM countries,SELECT count(*) FROM COUNTRIES
93,False,wrong_select_column|missing_select_column|wrong_group_by_column,3,"SELECT T1.FullName , T2.Maker , COUNT(*) FROM car_makers AS T1 JOIN model_list AS T2 ON T1.id = T2.Maker GROUP BY T2.Maker","SELECT T1.FullName , T1.Id , count(*) FROM CAR_MAKERS AS T1 JOIN MODEL_LIST AS T2 ON T1.Id = T2.Maker GROUP BY T1.Id"
94,False,missing_table|missing_column|missing_join,3,"SELECT FullName , ID , COUNT(*) FROM CAR_MAKERS GROUP BY ID","SELECT T1.FullName , T1.Id , count(*) FROM CAR_MAKERS AS T1 JOIN MODEL_LIST AS T2 ON T1.Id = T2.Maker GROUP BY T1.Id"
95,False,missing_table|hallucinated_table|hallucinated_column|missing_column|extra_aggregation|extra_where|missing_order_by|missing_limit|extra_subquery,9,SELECT T1.Model FROM model_list AS T1 JOIN car_names AS T2 ON T1.Maker = T2.Make WHERE T2.Horsepower = ( SELECT MIN ( Horsepower ) FROM car_names ),SELECT T1.Model FROM CAR_NAMES AS T1 JOIN CARS_DATA AS T2 ON T1.MakeId = T2.Id ORDER BY T2.horsepower ASC LIMIT 1
96,False,missing_table|hallucinated_table|hallucinated_column|missing_column|extra_aggregation|extra_where|missing_order_by|missing_limit|extra_subquery,9,SELECT T2.Model FROM cars_data AS T1 JOIN model_list AS T2 ON T1.Maker = T2.Maker WHERE T1.Horsepower = ( SELECT MIN ( Horsepower ) FROM cars_data ),SELECT T1.Model FROM CAR_NAMES AS T1 JOIN CARS_DATA AS T2 ON T1.MakeId = T2.Id ORDER BY T2.horsepower ASC LIMIT 1
97,False,missing_table|hallucinated_table|missing_column|wrong_join_count,4,SELECT T2.Model FROM cars_data AS T1 JOIN model_list AS T2 ON T1.MakeID = T2.Model WHERE T1.Weight < (SELECT avg(T1.Weight) FROM cars_data AS T1 JOIN model_list AS T2 ON T1.MakeID = T2.Model),SELECT T1.model FROM CAR_NAMES AS T1 JOIN CARS_DATA AS T2 ON T1.MakeId = T2.Id WHERE T2.Weight < (SELECT avg(Weight) FROM CARS_DATA)
98,False,missing_table|hallucinated_table|missing_column,3,SELECT T2.Model FROM cars_data AS T1 JOIN model_list AS T2 ON T1.MakeID = T2.Model WHERE T1.Weight < (SELECT avg(T1.Weight) FROM cars_data AS T1),SELECT T1.model FROM CAR_NAMES AS T1 JOIN CARS_DATA AS T2 ON T1.MakeId = T2.Id WHERE T2.Weight < (SELECT avg(Weight) FROM CARS_DATA)
99,False,missing_table|hallucinated_column|missing_column|wrong_select_column|missing_select_column|wrong_join_count|missing_distinct,7,SELECT T2.FullName FROM car_names AS T1 JOIN car_makers AS T2 ON T1.Make = T2.id WHERE T1.Year = 1970,SELECT DISTINCT T1.Maker FROM CAR_MAKERS AS T1 JOIN MODEL_LIST AS T2 ON T1.Id = T2.Maker JOIN CAR_NAMES AS T3 ON T2.model = T3.model JOIN CARS_DATA AS T4 ON T3.MakeId = T4.id WHERE T4.year = '1970'
100,False,missing_table|missing_column|wrong_join_count,3,SELECT DISTINCT T2.Maker FROM cars_data AS T1 JOIN car_makers AS T2 ON T1.MakeID = T2.id WHERE YEAR = 1970,SELECT DISTINCT T1.Maker FROM CAR_MAKERS AS T1 JOIN MODEL_LIST AS T2 ON T1.Id = T2.Maker JOIN CAR_NAMES AS T3 ON T2.model = T3.model JOIN CARS_DATA AS T4 ON T3.MakeId = T4.id WHERE T4.year = '1970'
101,False,missing_aggregation|missing_where|extra_order_by|extra_limit|missing_subquery,5,"SELECT T1.Make , T2.Year FROM car_names AS T1 JOIN cars_data AS T2 ON T1.MakeID = T2.Id ORDER BY T2.Year ASC LIMIT 1","SELECT T2.Make , T1.Year FROM CARS_DATA AS T1 JOIN CAR_NAMES AS T2 ON T1.Id = T2.MakeId WHERE T1.Year = (SELECT min(YEAR) FROM CARS_DATA)"
102,False,missing_table|hallucinated_table|hallucinated_column|missing_column|wrong_select_column|missing_select_column|missing_aggregation|missing_where|extra_order_by|extra_limit|missing_subquery,11,"SELECT T1.FullName , T2.Year FROM car_makers AS T1 JOIN cars_data AS T2 ON T1.id = T2.MakeID ORDER BY T2.Year LIMIT 1","SELECT T2.Make , T1.Year FROM CARS_DATA AS T1 JOIN CAR_NAMES AS T2 ON T1.Id = T2.MakeId WHERE T1.Year = (SELECT min(YEAR) FROM CARS_DATA)"
103,False,missing_table|missing_column|wrong_join_count,3,SELECT DISTINCT T2.Model FROM cars_data AS T1 JOIN car_names AS T2 ON T1.MakeID = T2.MakeID WHERE T1.Year > 1980,SELECT DISTINCT T1.model FROM MODEL_LIST AS T1 JOIN CAR_NAMES AS T2 ON T1.model = T2.model JOIN CARS_DATA AS T3 ON T2.MakeId = T3.id WHERE T3.year > 1980
104,False,missing_table|missing_column|wrong_join_count,3,SELECT DISTINCT T2.Model FROM cars_data AS T1 JOIN car_names AS T2 ON T1.MakeID = T2.MakeID WHERE T1.Year > 1980,SELECT DISTINCT T1.model FROM MODEL_LIST AS T1 JOIN CAR_NAMES AS T2 ON T1.model = T2.model JOIN CARS_DATA AS T3 ON T2.MakeId = T3.id WHERE T3.year > 1980
105,False,missing_table|missing_column|wrong_join_count,3,"SELECT T1.Continent , COUNT(*) FROM continents AS T1 JOIN countries AS T2 ON T1.ContId = T2.Continent GROUP BY T1.Continent","SELECT T1.Continent , count(*) FROM CONTINENTS AS T1 JOIN COUNTRIES AS T2 ON T1.ContId = T2.continent JOIN car_makers AS T3 ON T2.CountryId = T3.Country GROUP BY T1.Continent"
106,False,missing_table|missing_column|wrong_join_count|wrong_group_by_column,4,"SELECT T1.Continent , COUNT(*) FROM continents AS T1 JOIN car_makers AS T2 ON T1.ContId = T2.Country GROUP BY T1.ContId","SELECT T1.Continent , count(*) FROM CONTINENTS AS T1 JOIN COUNTRIES AS T2 ON T1.ContId = T2.continent JOIN car_makers AS T3 ON T2.CountryId = T3.Country GROUP BY T1.Continent"
107,False,wrong_group_by_column,1,SELECT T1.CountryName FROM countries AS T1 JOIN car_makers AS T2 ON T1.CountryId = T2.Country GROUP BY T1.CountryName ORDER BY COUNT(*) DESC LIMIT 1,SELECT T2.CountryName FROM CAR_MAKERS AS T1 JOIN COUNTRIES AS T2 ON T1.Country = T2.CountryId GROUP BY T1.Country ORDER BY Count(*) DESC LIMIT 1
108,False,wrong_group_by_column,1,SELECT T1.CountryName FROM countries AS T1 JOIN car_makers AS T2 ON T1.CountryId = T2.Country GROUP BY T1.CountryName ORDER BY COUNT(*) DESC LIMIT 1,SELECT T2.CountryName FROM CAR_MAKERS AS T1 JOIN COUNTRIES AS T2 ON T1.Country = T2.CountryId GROUP BY T1.Country ORDER BY Count(*) DESC LIMIT 1
109,True,,0,"SELECT COUNT(*) , T1.FullName FROM car_makers AS T1 JOIN model_list AS T2 ON T1.id = T2.Maker GROUP BY T1.id","select count(*) , t2.fullname from model_list as t1 join car_makers as t2 on t1.maker = t2.id group by t2.id"
110,True,,0,"SELECT count(*) , T1.id , T1.fullname FROM car_makers AS T1 JOIN model_list AS T2 ON T1.id = T2.maker GROUP BY T1.id","SELECT Count(*) , T2.FullName , T2.id FROM MODEL_LIST AS T1 JOIN CAR_MAKERS AS T2 ON T1.Maker = T2.Id GROUP BY T2.id"
111,False,missing_table|missing_column|missing_join,3,"SELECT accelerate FROM cars_data WHERE make = ""amc"" AND model = ""hornet sportabout"" AND country = ""sw""",SELECT T1.Accelerate FROM CARS_DATA AS T1 JOIN CAR_NAMES AS T2 ON T1.Id = T2.MakeId WHERE T2.Make = 'amc hornet sportabout (sw)'
112,False,missing_table|missing_column|missing_join,3,"SELECT Accelerate FROM cars_data WHERE Make = ""amc hornet sportabout"" AND MakeID = 146",SELECT T1.Accelerate FROM CARS_DATA AS T1 JOIN CAR_NAMES AS T2 ON T1.Id = T2.MakeId WHERE T2.Make = 'amc hornet sportabout (sw)'
113,False,missing_table|missing_column|missing_join,3,"SELECT count(*) FROM car_makers WHERE country = ""France""",SELECT count(*) FROM CAR_MAKERS AS T1 JOIN COUNTRIES AS T2 ON T1.Country = T2.CountryId WHERE T2.CountryName = 'france'
114,False,missing_table|missing_column|missing_join,3,"SELECT count(*) FROM car_makers WHERE country = ""France""",SELECT count(*) FROM CAR_MAKERS AS T1 JOIN COUNTRIES AS T2 ON T1.Country = T2.CountryId WHERE T2.CountryName = 'france'
115,False,missing_table|hallucinated_table|missing_column|missing_join,4,SELECT count(*) FROM car_names WHERE country = 'USA',SELECT count(*) FROM MODEL_LIST AS T1 JOIN CAR_MAKERS AS T2 ON T1.Maker = T2.Id JOIN COUNTRIES AS T3 ON T2.Country = T3.CountryId WHERE T3.CountryName = 'usa'
116,False,missing_table|hallucinated_table|hallucinated_column|missing_column|wrong_join_count,5,"SELECT COUNT(*) FROM car_names AS T1 JOIN car_makers AS T2 ON T1.Model = T2.FullName WHERE T2.Country = ""United States""",SELECT count(*) FROM MODEL_LIST AS T1 JOIN CAR_MAKERS AS T2 ON T1.Maker = T2.Id JOIN COUNTRIES AS T3 ON T2.Country = T3.CountryId WHERE T3.CountryName = 'usa'
117,True,,0,SELECT avg(MPG) FROM cars_data WHERE Cylinders = 4,SELECT avg(mpg) FROM CARS_DATA WHERE Cylinders = 4
118,True,,0,SELECT avg(MPG) FROM cars_data WHERE Cylinders = 4,SELECT avg(mpg) FROM CARS_DATA WHERE Cylinders = 4
119,False,hallucinated_table|hallucinated_column|extra_join,3,SELECT min(T2.Weight) FROM cars_data AS T1 JOIN car_names AS T2 ON T1.id = T2.MakeID WHERE T1.Cylinders = 8 AND T1.Year = 1974,select min(weight) from cars_data where cylinders = 8 and year = 1974
120,False,hallucinated_table|hallucinated_column|extra_join,3,SELECT min(T2.Weight) FROM cars_data AS T1 JOIN car_names AS T2 ON T1.Id = T2.MakeId WHERE T1.Cylinders = 8 AND T1.Year = 1974,select min(weight) from cars_data where cylinders = 8 and year = 1974
121,False,hallucinated_table|hallucinated_column|wrong_select_column|missing_select_column|extra_join,5,"SELECT T1.FullName , T2.Model FROM car_makers AS T1 JOIN model_list AS T2 ON T1.id = T2.Maker","SELECT Maker , Model FROM MODEL_LIST"
122,False,hallucinated_table|hallucinated_column|wrong_select_column|missing_select_column|extra_join,5,"SELECT T1.FullName , T2.Model FROM car_makers AS T1 JOIN model_list AS T2 ON T1.id = T2.Maker","SELECT Maker , Model FROM MODEL_LIST"
123,False,extra_where,1,"SELECT T1.CountryName , T1.CountryID FROM countries AS T1 JOIN car_makers AS T2 ON T1.CountryID = T2.Country WHERE T2.Country != ""Unknown"" GROUP BY T1.CountryID HAVING COUNT(*) >= 1","SELECT T1.CountryName , T1.CountryId FROM COUNTRIES AS T1 JOIN CAR_MAKERS AS T2 ON T1.CountryId = T2.Country GROUP BY T1.CountryId HAVING count(*) >= 1"
124,False,hallucinated_column|missing_aggregation|extra_where|missing_group_by|missing_having,5,"SELECT T1.CountryName , T2.CountryID FROM countries AS T1 JOIN car_makers AS T2 ON T1.CountryId = T2.Country WHERE T1.Continent = ""North America""","SELECT T1.CountryName , T1.CountryId FROM COUNTRIES AS T1 JOIN CAR_MAKERS AS T2 ON T1.CountryId = T2.Country GROUP BY T1.CountryId HAVING count(*) >= 1"
125,True,,0,SELECT count(*) FROM cars_data WHERE Horsepower > 150,SELECT count(*) FROM CARS_DATA WHERE horsepower > 150
126,True,,0,SELECT count(*) FROM cars_data WHERE Horsepower > 150,SELECT count(*) FROM CARS_DATA WHERE horsepower > 150
127,True,,0,"SELECT avg(weight) , YEAR FROM cars_data GROUP BY YEAR","SELECT avg(Weight) , YEAR FROM CARS_DATA GROUP BY YEAR"
128,False,wrong_aggregation,1,"SELECT avg(weight) , avg(year) FROM cars_data GROUP BY YEAR","SELECT avg(Weight) , YEAR FROM CARS_DATA GROUP BY YEAR"
129,False,missing_table|missing_column|wrong_join_count|extra_distinct,4,"SELECT DISTINCT T1.CountryName FROM countries AS T1 JOIN car_makers AS T2 ON T1.CountryId = T2.Country WHERE T1.Continent = ""Europe"" GROUP BY T1.CountryName HAVING COUNT(*) >= 3",SELECT T1.CountryName FROM COUNTRIES AS T1 JOIN CONTINENTS AS T2 ON T1.Continent = T2.ContId JOIN CAR_MAKERS AS T3 ON T1.CountryId = T3.Country WHERE T2.Continent = 'europe' GROUP BY T1.CountryName HAVING count(*) >= 3
130,False,missing_table|missing_column|wrong_join_count,3,"SELECT T1.CountryName FROM countries AS T1 JOIN car_makers AS T2 ON T1.CountryId = T2.Country WHERE T1.Continent = ""Europe"" GROUP BY T1.CountryName HAVING COUNT(*) >= 3",SELECT T1.CountryName FROM COUNTRIES AS T1 JOIN CONTINENTS AS T2 ON T1.Continent = T2.ContId JOIN CAR_MAKERS AS T3 ON T1.CountryId = T3.Country WHERE T2.Continent = 'europe' GROUP BY T1.CountryName HAVING count(*) >= 3
131,False,hallucinated_column|missing_column|wrong_select_column|missing_select_column,4,"SELECT T1.Model , T2.Horsepower FROM car_names AS T1 JOIN cars_data AS T2 ON T1.MakeId = T2.Id WHERE T2.Cylinders = 3 ORDER BY T2.Horsepower DESC LIMIT 1","SELECT T2.horsepower , T1.Make FROM CAR_NAMES AS T1 JOIN CARS_DATA AS T2 ON T1.MakeId = T2.Id WHERE T2.cylinders = 3 ORDER BY T2.horsepower DESC LIMIT 1"
132,False,missing_table|hallucinated_table|hallucinated_column|missing_column|wrong_select_column|missing_select_column,6,"SELECT T1.Model , T2.Horsepower FROM car_names AS T1 JOIN car_makers AS T2 ON T1.Make = T2.FullName WHERE T1.Cylinders = 3 ORDER BY T2.Horsepower DESC LIMIT 1","SELECT T2.horsepower , T1.Make FROM CAR_NAMES AS T1 JOIN CARS_DATA AS T2 ON T1.MakeId = T2.Id WHERE T2.cylinders = 3 ORDER BY T2.horsepower DESC LIMIT 1"
133,False,missing_table|hallucinated_table|hallucinated_column|missing_column,4,SELECT T2.Model FROM cars_data AS T1 JOIN model_list AS T2 ON T1.Make = T2.Maker ORDER BY T1.MPG DESC LIMIT 1,SELECT T1.Model FROM CAR_NAMES AS T1 JOIN CARS_DATA AS T2 ON T1.MakeId = T2.Id ORDER BY T2.mpg DESC LIMIT 1
134,True,,0,SELECT T1.Model FROM car_names AS T1 JOIN cars_data AS T2 ON T1.MakeId = T2.Id ORDER BY T2.MPG DESC LIMIT 1,select t1.model from car_names as t1 join cars_data as t2 on t1.makeid = t2.id order by t2.mpg desc limit 1
135,True,,0,SELECT avg(Horsepower) FROM cars_data WHERE YEAR < 1980,SELECT avg(horsepower) FROM CARS_DATA WHERE YEAR < 1980
136,True,,0,SELECT avg(Horsepower) FROM cars_data WHERE YEAR < 1980,select avg(horsepower) from cars_data where year < 1980
137,False,missing_table|missing_column|missing_join,3,"SELECT avg(Edispl) FROM cars_data WHERE Model = ""volvo""",SELECT avg(T2.edispl) FROM CAR_NAMES AS T1 JOIN CARS_DATA AS T2 ON T1.MakeId = T2.Id WHERE T1.Model = 'volvo'
138,False,missing_table|missing_column|missing_join,3,"SELECT avg(Edispl) FROM cars_data WHERE Model = ""Volvo""",SELECT avg(T2.edispl) FROM CAR_NAMES AS T1 JOIN CARS_DATA AS T2 ON T1.MakeId = T2.Id WHERE T1.Model = 'volvo'
139,True,,0,"SELECT max(Accelerate) , Cylinders FROM cars_data GROUP BY Cylinders","SELECT max(Accelerate) , Cylinders FROM CARS_DATA GROUP BY Cylinders"
140,True,,0,"SELECT max(Accelerate) , Cylinders FROM cars_data GROUP BY Cylinders","SELECT max(Accelerate) , Cylinders FROM CARS_DATA GROUP BY Cylinders"
141,False,hallucinated_table|hallucinated_column|extra_join|wrong_aggregation|extra_where|extra_subquery,6,SELECT T1.Model FROM model_list AS T1 JOIN car_names AS T2 ON T1.Maker = T2.Make WHERE T2.MakeID IN ( SELECT MAX(T3.MakeID) FROM car_names AS T3 ) GROUP BY T1.Model ORDER BY COUNT(*) DESC LIMIT 1,SELECT Model FROM CAR_NAMES GROUP BY Model ORDER BY count(*) DESC LIMIT 1
142,False,hallucinated_table|hallucinated_column|extra_join,3,SELECT T1.Model FROM model_list AS T1 JOIN car_names AS T2 ON T1.Maker = T2.Make GROUP BY T1.Model ORDER BY COUNT(*) DESC LIMIT 1,SELECT Model FROM CAR_NAMES GROUP BY Model ORDER BY count(*) DESC LIMIT 1
143,True,,0,SELECT count(*) FROM cars_data WHERE Cylinders > 4,SELECT count(*) FROM CARS_DATA WHERE Cylinders > 4
144,True,,0,SELECT count(*) FROM cars_data WHERE Cylinders > 4,SELECT count(*) FROM CARS_DATA WHERE Cylinders > 4
145,True,,0,SELECT count(*) FROM cars_data WHERE YEAR = 1980,SELECT count(*) FROM CARS_DATA WHERE YEAR = 1980
146,True,,0,SELECT count(*) FROM cars_data WHERE YEAR = 1980,SELECT count(*) FROM CARS_DATA WHERE YEAR = 1980
147,False,missing_table|missing_column|missing_join,3,"SELECT count(*) FROM car_makers WHERE FullName = ""American Motor Company""",SELECT count(*) FROM CAR_MAKERS AS T1 JOIN MODEL_LIST AS T2 ON T1.Id = T2.Maker WHERE T1.FullName = 'American Motor Company'
148,False,missing_table|missing_column|missing_join,3,"SELECT count(*) FROM car_makers WHERE FullName = ""American Motor Company""",SELECT count(*) FROM CAR_MAKERS AS T1 JOIN MODEL_LIST AS T2 ON T1.Id = T2.Maker WHERE T1.FullName = 'American Motor Company'
149,False,missing_table|missing_column|missing_join|extra_where|wrong_group_by_column|extra_subquery,6,"SELECT FullName , ID FROM CAR_MAKERS WHERE ID IN ( SELECT maker FROM MODEL_LIST GROUP BY maker HAVING count(*) > 3 )","SELECT T1.FullName , T1.Id FROM CAR_MAKERS AS T1 JOIN MODEL_LIST AS T2 ON T1.Id = T2.Maker GROUP BY T1.Id HAVING count(*) > 3"
150,True,,0,"SELECT T1.FullName , T2.id FROM car_makers AS T1 JOIN model_list AS T2 ON T1.id = T2.Maker GROUP BY T1.id HAVING count(*) > 3","SELECT T1.FullName , T1.Id FROM CAR_MAKERS AS T1 JOIN MODEL_LIST AS T2 ON T1.Id = T2.Maker GROUP BY T1.Id HAVING count(*) > 3"
151,False,missing_table|missing_column|wrong_join_count,3,"SELECT DISTINCT T1.Model FROM model_list AS T1 JOIN car_makers AS T2 ON T1.Maker = T2.Id WHERE T2.FullName = ""General Motors"" OR T1.Weight > 3500",SELECT DISTINCT T2.Model FROM CAR_NAMES AS T1 JOIN MODEL_LIST AS T2 ON T1.Model = T2.Model JOIN CAR_MAKERS AS T3 ON T2.Maker = T3.Id JOIN CARS_DATA AS T4 ON T1.MakeId = T4.Id WHERE T3.FullName = 'General Motors' OR T4.weight > 3500
152,False,missing_table|hallucinated_column|missing_column|wrong_join_count,4,"SELECT DISTINCT T1.Model FROM model_list AS T1 JOIN car_names AS T2 ON T1.Maker = T2.Make WHERE T2.Weight > 3500 OR T1.Maker = ""General Motors""",SELECT DISTINCT T2.Model FROM CAR_NAMES AS T1 JOIN MODEL_LIST AS T2 ON T1.Model = T2.Model JOIN CAR_MAKERS AS T3 ON T2.Maker = T3.Id JOIN CARS_DATA AS T4 ON T1.MakeId = T4.Id WHERE T3.FullName = 'General Motors' OR T4.weight > 3500
153,False,wrong_select_column|missing_select_column|missing_distinct,3,SELECT YEAR FROM cars_data WHERE Weight BETWEEN 3000 AND 4000,select distinct year from cars_data where weight between 3000 and 4000
154,False,wrong_where_operator|extra_set_operation|extra_subquery,3,SELECT DISTINCT YEAR FROM cars_data WHERE Weight < 4000 INTERSECT SELECT DISTINCT YEAR FROM cars_data WHERE Weight > 3000,select distinct year from cars_data where weight between 3000 and 4000
155,False,missing_column,1,SELECT Horsepower FROM cars_data ORDER BY Accelerate DESC LIMIT 1,SELECT T1.horsepower FROM CARS_DATA AS T1 ORDER BY T1.accelerate DESC LIMIT 1
156,False,missing_column,1,SELECT Horsepower FROM cars_data ORDER BY Accelerate DESC LIMIT 1,SELECT T1.horsepower FROM CARS_DATA AS T1 ORDER BY T1.accelerate DESC LIMIT 1
157,False,missing_table|missing_column|wrong_select_column|missing_select_column|missing_join|extra_aggregation|missing_order_by|missing_limit|extra_subquery,9,"SELECT COUNT(*) FROM cars_data WHERE YEAR = 1964 AND Cylinders = 3 AND Accelerate = ( SELECT MIN ( Accelerate ) FROM cars_data WHERE Model = ""volvo"" )",SELECT T1.cylinders FROM CARS_DATA AS T1 JOIN CAR_NAMES AS T2 ON T1.Id = T2.MakeId WHERE T2.Model = 'volvo' ORDER BY T1.accelerate ASC LIMIT 1
158,False,extra_distinct,1,"SELECT DISTINCT T1.Cylinders FROM cars_data AS T1 JOIN car_names AS T2 ON T1.id = T2.MakeID WHERE T2.Model = ""Volvo"" ORDER BY T1.Accelerate LIMIT 1",SELECT T1.cylinders FROM CARS_DATA AS T1 JOIN CAR_NAMES AS T2 ON T1.Id = T2.MakeId WHERE T2.Model = 'volvo' ORDER BY T1.accelerate ASC LIMIT 1
159,False,wrong_aggregation|missing_order_by|missing_limit,3,SELECT count(*) FROM cars_data WHERE Accelerate > ( SELECT max(Accelerate) FROM cars_data ),SELECT COUNT(*) FROM CARS_DATA WHERE Accelerate > ( SELECT Accelerate FROM CARS_DATA ORDER BY Horsepower DESC LIMIT 1 )
160,False,wrong_aggregation|missing_order_by|missing_limit,3,SELECT count(*) FROM cars_data WHERE accelerate > ( SELECT max(accelerate) FROM cars_data ),SELECT COUNT(*) FROM CARS_DATA WHERE Accelerate > ( SELECT Accelerate FROM CARS_DATA ORDER BY Horsepower DESC LIMIT 1 )
161,False,hallucinated_column|wrong_group_by_column,2,SELECT count(*) FROM car_makers AS T1 JOIN countries AS T2 ON T1.Country = T2.CountryID GROUP BY T2.Continent HAVING count(*) > 2,select count(*) from countries as t1 join car_makers as t2 on t1.countryid = t2.country group by t1.countryid having count(*) > 2
162,False,extra_where|missing_group_by|missing_having,3,SELECT count(*) FROM car_makers AS T1 JOIN countries AS T2 ON T1.Country = T2.CountryID WHERE count(*) > 2,select count(*) from countries as t1 join car_makers as t2 on t1.countryid = t2.country group by t1.countryid having count(*) > 2
163,True,,0,SELECT count(*) FROM cars_data WHERE Cylinders > 6,SELECT COUNT(*) FROM CARS_DATA WHERE Cylinders > 6
164,True,,0,SELECT count(*) FROM cars_data WHERE Cylinders > 6,SELECT COUNT(*) FROM CARS_DATA WHERE Cylinders > 6
165,True,,0,SELECT T1.Model FROM car_names AS T1 JOIN cars_data AS T2 ON T1.MakeID = T2.Id WHERE T2.Cylinders = 4 ORDER BY T2.Horsepower DESC LIMIT 1,SELECT T1.Model FROM CAR_NAMES AS T1 JOIN CARS_DATA AS T2 ON T1.MakeId = T2.Id WHERE T2.Cylinders = 4 ORDER BY T2.horsepower DESC LIMIT 1
166,True,,0,SELECT T1.Model FROM car_names AS T1 JOIN cars_data AS T2 ON T1.MakeID = T2.Id WHERE T2.Cylinders = 4 ORDER BY T2.Horsepower DESC LIMIT 1,SELECT T1.Model FROM CAR_NAMES AS T1 JOIN CARS_DATA AS T2 ON T1.MakeId = T2.Id WHERE T2.Cylinders = 4 ORDER BY T2.horsepower DESC LIMIT 1
167,False,hallucinated_column|missing_column|wrong_select_column|missing_select_column,4,"SELECT T1.MakeID , T2.Model FROM cars_data AS T1 JOIN car_names AS T2 ON T1.MakeID = T2.MakeID WHERE T1.Horsepower > ( SELECT MIN(T1.Horsepower) FROM cars_data ) AND T1.Cylinders <= 3","SELECT T2.MakeId , T2.Make FROM CARS_DATA AS T1 JOIN CAR_NAMES AS T2 ON T1.Id = T2.MakeId WHERE T1.Horsepower > (SELECT min(Horsepower) FROM CARS_DATA) AND T1.Cylinders <= 3"
168,False,hallucinated_column|missing_column|wrong_select_column|missing_select_column|missing_aggregation|missing_subquery,6,"SELECT T1.MakeID , T2.Model FROM cars_data AS T1 JOIN car_names AS T2 ON T1.MakeID = T2.MakeID WHERE T1.Horsepower > 4 AND T1.Cylinders < 4","select t2.makeid , t2.make from cars_data as t1 join car_names as t2 on t1.id = t2.makeid where t1.horsepower > (select min(horsepower) from cars_data) and t1.cylinders < 4"
169,False,hallucinated_column|extra_join,2,SELECT max(T2.MPG) FROM cars_data AS T1 JOIN cars_data AS T2 ON T1.id = T2.id WHERE T1.Cylinders = 8 OR T1.Year < 1980,select max(mpg) from cars_data where cylinders = 8 or year < 1980
170,False,hallucinated_column|extra_join,2,SELECT max(T2.MPG) FROM cars_data AS T1 JOIN cars_data AS T2 ON T1.id = T2.id WHERE T1.Cylinders = 8 OR T1.Year < 1980,select max(mpg) from cars_data where cylinders = 8 or year < 1980
171,False,missing_table|hallucinated_column|missing_column|wrong_join_count|extra_set_operation|extra_subquery,6,SELECT DISTINCT T1.Model FROM model_list AS T1 JOIN car_names AS T2 ON T1.Maker = T2.Make WHERE T2.Weight < 3500 EXCEPT SELECT DISTINCT T1.Model FROM model_list AS T1 JOIN car_names AS T2 ON T1.Maker = T2.Make WHERE T2.FullName = 'Ford Motor Company',SELECT DISTINCT T1.model FROM MODEL_LIST AS T1 JOIN CAR_NAMES AS T2 ON T1.Model = T2.Model JOIN CARS_DATA AS T3 ON T2.MakeId = T3.Id JOIN CAR_MAKERS AS T4 ON T1.Maker = T4.Id WHERE T3.weight < 3500 AND T4.FullName != 'Ford Motor Company'
172,False,missing_table|missing_column|wrong_join_count|extra_set_operation|extra_subquery,5,"SELECT DISTINCT T1.Model FROM model_list AS T1 JOIN car_names AS T2 ON T1.Model = T2.Model WHERE T2.Weight < 3500 EXCEPT SELECT DISTINCT T1.Model FROM model_list AS T1 JOIN car_names AS T2 ON T1.Model = T2.Model WHERE T2.Maker = ""Ford""",SELECT DISTINCT T1.model FROM MODEL_LIST AS T1 JOIN CAR_NAMES AS T2 ON T1.Model = T2.Model JOIN CARS_DATA AS T3 ON T2.MakeId = T3.Id JOIN CAR_MAKERS AS T4 ON T1.Maker = T4.Id WHERE T3.weight < 3500 AND T4.FullName != 'Ford Motor Company'
173,False,missing_table|missing_column|missing_join|extra_where|missing_set_operation|wrong_set_op_branch,6,SELECT countryname FROM countries WHERE countryid NOT IN ( SELECT country FROM car_makers ),SELECT CountryName FROM countries EXCEPT SELECT T1.CountryName FROM countries AS T1 JOIN CAR_MAKERS AS T2 ON T1.countryId = T2.Country
174,False,missing_table|missing_column|missing_join|extra_where|missing_set_operation|wrong_set_op_branch,6,SELECT countryname FROM countries WHERE countryid NOT IN ( SELECT country FROM car_makers ),SELECT CountryName FROM countries EXCEPT SELECT T1.CountryName FROM countries AS T1 JOIN CAR_MAKERS AS T2 ON T1.countryId = T2.Country
175,False,missing_table|missing_column|wrong_join_count|extra_where|wrong_set_op_branch|extra_subquery,6,"SELECT T1.id , T1.Maker FROM car_makers AS T1 JOIN model_list AS T2 ON T1.id = T2.maker GROUP BY T1.id HAVING count(*) >= 2 INTERSECT SELECT id , maker FROM car_makers WHERE id IN (SELECT id FROM car_makers GROUP BY id HAVING count(*) > 3)","select t1.id , t1.maker from car_makers as t1 join model_list as t2 on t1.id = t2.maker group by t1.id having count(*) >= 2 intersect select t1.id , t1.maker from car_makers as t1 join model_list as t2 on t1.id = t2.maker join car_names as t3 on t2.model = t3.model group by t1.id having count(*) > 3"
176,False,missing_table|missing_column|missing_join|extra_where|missing_group_by|missing_having|missing_set_operation|wrong_set_op_branch|missing_subquery,9,"SELECT id , maker FROM car_makers WHERE count(*) >= 2 AND COUNT(*) > 3","SELECT T1.Id , T1.Maker FROM CAR_MAKERS AS T1 JOIN MODEL_LIST AS T2 ON T1.Id = T2.Maker GROUP BY T1.Id HAVING count(*) >= 2 INTERSECT SELECT T1.Id , T1.Maker FROM CAR_MAKERS AS T1 JOIN MODEL_LIST AS T2 ON T1.Id = T2.Maker JOIN CAR_NAMES AS T3 ON T2.model = T3.model GROUP BY T1.Id HAVING count(*) > 3"
177,False,missing_table|hallucinated_column|missing_column|wrong_join_count|missing_group_by|missing_having|wrong_set_op_branch,7,"SELECT T1.CountryId , T2.CountryName FROM car_makers AS T1 JOIN countries AS T2 ON T1.Country = T2.CountryID WHERE COUNT(*) > 3 UNION SELECT T1.ModelId , T2.CountryName FROM car_names AS T1 JOIN countries AS T2 ON T1.MakeId = T2.CountryID WHERE T1.Model = ""fiat""","SELECT T1.countryId , T1.CountryName FROM Countries AS T1 JOIN CAR_MAKERS AS T2 ON T1.CountryId = T2.Country GROUP BY T1.countryId HAVING count(*) > 3 UNION SELECT T1.countryId , T1.CountryName FROM Countries AS T1 JOIN CAR_MAKERS AS T2 ON T1.CountryId = T2.Country JOIN MODEL_LIST AS T3 ON T2.Id = T3.Maker WHERE T3.Model = 'fiat'"
178,False,missing_table|missing_column|missing_join|wrong_where_operator|wrong_set_op_branch|extra_subquery,6,"SELECT countryid , countryname FROM countries WHERE countryid IN ( SELECT countryid FROM car_makers GROUP BY countryid HAVING count(*) > 3 UNION SELECT countryid FROM car_makers WHERE maker = ""Fiat"" )","select t1.countryid , t1.countryname from countries as t1 join car_makers as t2 on t1.countryid = t2.country group by t1.countryid having count(*) > 3 union select t1.countryid , t1.countryname from countries as t1 join car_makers as t2 on t1.countryid = t2.country join model_list as t3 on t2.id = t3.maker where t3.model = 'fiat'"
179,True,,0,"SELECT Country FROM Airlines WHERE Airline = ""JetBlue Airways""","SELECT Country FROM AIRLINES WHERE Airline = ""JetBlue Airways"""
180,True,,0,"SELECT Country FROM Airlines WHERE Abbreviation = ""JetBlue""","SELECT Country FROM AIRLINES WHERE Airline = ""JetBlue Airways"""
181,True,,0,"SELECT Abbreviation FROM Airlines WHERE Airline = ""JetBlue Airways""","SELECT Abbreviation FROM AIRLINES WHERE Airline = ""JetBlue Airways"""
182,True,,0,"SELECT Abbreviation FROM Airlines WHERE Airline = ""JetBlue Airways""","SELECT Abbreviation FROM AIRLINES WHERE Airline = ""JetBlue Airways"""
183,False,hallucinated_table|hallucinated_column|extra_join,3,"SELECT T1.Abbreviation , T2.Airline FROM airlines AS T1 JOIN airports AS T2 ON T1.Country = T2.Country WHERE T2.CountryAbbrev = 'USA'","SELECT Airline , Abbreviation FROM AIRLINES WHERE Country = ""USA"""
184,True,,0,"SELECT Airline , Abbreviation FROM Airlines WHERE Country = 'USA'","SELECT Airline , Abbreviation FROM AIRLINES WHERE Country = ""USA"""
185,True,,0,"SELECT AirportCode , AirportName FROM airports WHERE City = ""Anthony""","SELECT AirportCode , AirportName FROM AIRPORTS WHERE city = ""Anthony"""
186,True,,0,"SELECT AirportCode , AirportName FROM airports WHERE City = ""Anthony""","SELECT AirportCode , AirportName FROM AIRPORTS WHERE city = ""Anthony"""
187,True,,0,SELECT count(*) FROM Airlines,SELECT count(*) FROM AIRLINES
188,True,,0,SELECT count(*) FROM Airlines,SELECT count(*) FROM AIRLINES
189,True,,0,SELECT count(*) FROM airports,SELECT count(*) FROM AIRPORTS
190,True,,0,SELECT count(*) FROM airports,SELECT count(*) FROM AIRPORTS
191,True,,0,SELECT count(*) FROM flights,SELECT count(*) FROM FLIGHTS
192,True,,0,SELECT count(*) FROM flights,SELECT count(*) FROM FLIGHTS
193,True,,0,SELECT Airline FROM Airlines WHERE Abbreviation = 'UAL',"SELECT Airline FROM AIRLINES WHERE Abbreviation = ""UAL"""
194,True,,0,SELECT Airline FROM Airlines WHERE Abbreviation = 'UAL',"SELECT Airline FROM AIRLINES WHERE Abbreviation = ""UAL"""
195,True,,0,SELECT count(*) FROM airlines WHERE country = 'USA',"SELECT count(*) FROM AIRLINES WHERE Country = ""USA"""
196,True,,0,SELECT count(*) FROM airlines WHERE country = 'USA',"SELECT count(*) FROM AIRLINES WHERE Country = ""USA"""
197,False,hallucinated_table|hallucinated_column|extra_join,3,"SELECT T1.City , T1.Country FROM airports AS T1 JOIN flights AS T2 ON T1.AirportCode = T2.SourceAirport WHERE T2.SourceAirport = ""Alton""","SELECT City , Country FROM AIRPORTS WHERE AirportName = ""Alton"""
198,False,hallucinated_table|hallucinated_column|extra_join,3,"SELECT T1.City , T1.Country FROM airports AS T1 JOIN flights AS T2 ON T1.AirportCode = T2.SourceAirport WHERE T2.SourceAirport = ""Alton""","SELECT City , Country FROM AIRPORTS WHERE AirportName = ""Alton"""
199,True,,0,"SELECT AirportName FROM airports WHERE AirportCode = ""AKO""","SELECT AirportName FROM AIRPORTS WHERE AirportCode = ""AKO"""
200,True,,0,SELECT AirportName FROM airports WHERE AirportCode = 'AKO',"SELECT AirportName FROM AIRPORTS WHERE AirportCode = ""AKO"""
201,True,,0,"SELECT AirportName FROM airports WHERE City = ""Aberdeen""","SELECT AirportName FROM AIRPORTS WHERE City = ""Aberdeen"""
202,True,,0,"SELECT AirportName FROM airports WHERE City = ""Aberdeen""","SELECT AirportName FROM AIRPORTS WHERE City = ""Aberdeen"""
203,True,,0,SELECT count(*) FROM flights WHERE SourceAirport = 'APG',"SELECT count(*) FROM FLIGHTS WHERE SourceAirport = ""APG"""
204,True,,0,SELECT count(*) FROM flights WHERE SourceAirport = 'APG',"SELECT count(*) FROM FLIGHTS WHERE SourceAirport = ""APG"""
205,True,,0,SELECT count(*) FROM flights WHERE destairport = 'ATO',"SELECT count(*) FROM FLIGHTS WHERE DestAirport = ""ATO"""
206,True,,0,"SELECT count(*) FROM flights WHERE destairport = ""ATO""","SELECT count(*) FROM FLIGHTS WHERE DestAirport = ""ATO"""
207,True,,0,"SELECT count(*) FROM airports AS T1 JOIN flights AS T2 ON T1.AirportCode = T2.SourceAirport WHERE T1.City = ""Aberdeen""","SELECT count(*) FROM FLIGHTS AS T1 JOIN AIRPORTS AS T2 ON T1.SourceAirport = T2.AirportCode WHERE T2.City = ""Aberdeen"""
208,False,missing_table|missing_column|missing_join,3,"SELECT count(*) FROM flights WHERE SourceAirport = ""Aberdeen""","SELECT count(*) FROM FLIGHTS AS T1 JOIN AIRPORTS AS T2 ON T1.SourceAirport = T2.AirportCode WHERE T2.City = ""Aberdeen"""
209,True,,0,"SELECT count(*) FROM flights AS T1 JOIN airports AS T2 ON T1.DestAirport = T2.AirportCode WHERE T2.City = ""Aberdeen""","SELECT count(*) FROM FLIGHTS AS T1 JOIN AIRPORTS AS T2 ON T1.DestAirport = T2.AirportCode WHERE T2.City = ""Aberdeen"""
210,False,missing_table|missing_column|missing_join,3,SELECT count(*) FROM flights WHERE destairport = 'ABERDEEN',"SELECT count(*) FROM FLIGHTS AS T1 JOIN AIRPORTS AS T2 ON T1.DestAirport = T2.AirportCode WHERE T2.City = ""Aberdeen"""
211,False,missing_table|missing_column|missing_join|wrong_aggregation|extra_set_operation|extra_subquery,6,"SELECT count(*) FROM flights WHERE destairport = ""Ashley"" INTERSECT SELECT count(*) FROM flights WHERE sourceairport = ""Aberdeen""","SELECT count(*) FROM FLIGHTS AS T1 JOIN AIRPORTS AS T2 ON T1.DestAirport = T2.AirportCode JOIN AIRPORTS AS T3 ON T1.SourceAirport = T3.AirportCode WHERE T2.City = ""Ashley"" AND T3.City = ""Aberdeen"""
212,False,missing_table|missing_column|missing_join,3,"SELECT count(*) FROM flights WHERE destairport = ""Ashley"" AND sourceairport = ""Aberdeen""","SELECT count(*) FROM FLIGHTS AS T1 JOIN AIRPORTS AS T2 ON T1.DestAirport = T2.AirportCode JOIN AIRPORTS AS T3 ON T1.SourceAirport = T3.AirportCode WHERE T2.City = ""Ashley"" AND T3.City = ""Aberdeen"""
213,False,missing_table|missing_column|missing_join,3,SELECT count(*) FROM flights WHERE Airline = 2,"SELECT count(*) FROM FLIGHTS AS T1 JOIN AIRLINES AS T2 ON T1.Airline = T2.uid WHERE T2.Airline = ""JetBlue Airways"""
214,False,missing_table|missing_column|missing_join,3,SELECT count(*) FROM flights WHERE airline = 1,"SELECT count(*) FROM FLIGHTS AS T1 JOIN AIRLINES AS T2 ON T1.Airline = T2.uid WHERE T2.Airline = ""JetBlue Airways"""
215,False,hallucinated_table|hallucinated_column|wrong_join_count,3,SELECT count(*) FROM flights AS T1 JOIN airlines AS T2 ON T1.Airline = T2.uid JOIN airports AS T3 ON T1.DestAirport = T3.AirportCode WHERE T2.Abbreviation = 'United Airlines' AND T3.AirportName = 'ASY',"SELECT count(*) FROM AIRLINES AS T1 JOIN FLIGHTS AS T2 ON T2.Airline = T1.uid WHERE T1.Airline = ""United Airlines"" AND T2.DestAirport = ""ASY"""
216,False,missing_table|missing_column|missing_join,3,"SELECT count(*) FROM flights WHERE DestAirport = ""ASY"" AND Airline = 1","SELECT count(*) FROM AIRLINES AS T1 JOIN FLIGHTS AS T2 ON T2.Airline = T1.uid WHERE T1.Airline = ""United Airlines"" AND T2.DestAirport = ""ASY"""
217,False,hallucinated_table|hallucinated_column|wrong_join_count,3,SELECT count(*) FROM flights AS T1 JOIN airlines AS T2 ON T1.Airline = T2.uid JOIN airports AS T3 ON T1.SourceAirport = T3.AirportCode WHERE T2.Abbreviation = 'United Airlines' AND T3.AirportName = 'AHD',"SELECT count(*) FROM AIRLINES AS T1 JOIN FLIGHTS AS T2 ON T2.Airline = T1.uid WHERE T1.Airline = ""United Airlines"" AND T2.SourceAirport = ""AHD"""
218,False,hallucinated_table|hallucinated_column|wrong_join_count,3,"SELECT count(*) FROM flights AS T1 JOIN airlines AS T2 ON T1.Airline = T2.uid JOIN airports AS T3 ON T1.SourceAirport = T3.AirportCode WHERE T2.Abbreviation = ""United"" AND T3.AirportName = ""AHD""","SELECT count(*) FROM AIRLINES AS T1 JOIN FLIGHTS AS T2 ON T2.Airline = T1.uid WHERE T1.Airline = ""United Airlines"" AND T2.SourceAirport = ""AHD"""
219,False,hallucinated_column,1,SELECT count(*) FROM flights AS T1 JOIN airlines AS T2 ON T1.Airline = T2.uid JOIN airports AS T3 ON T1.DestAirport = T3.AirportCode WHERE T2.Abbreviation = 'United' AND T3.City = 'Aberdeen',"SELECT count(*) FROM FLIGHTS AS T1 JOIN AIRPORTS AS T2 ON T1.DestAirport = T2.AirportCode JOIN AIRLINES AS T3 ON T3.uid = T1.Airline WHERE T2.City = ""Aberdeen"" AND T3.Airline = ""United Airlines"""
220,False,missing_table|missing_column|wrong_join_count,3,"SELECT count(*) FROM flights AS T1 JOIN airports AS T2 ON T1.DestAirport = T2.AirportCode WHERE T1.Airline = 1 AND T2.City = ""Aberdeen""","SELECT count(*) FROM FLIGHTS AS T1 JOIN AIRPORTS AS T2 ON T1.DestAirport = T2.AirportCode JOIN AIRLINES AS T3 ON T3.uid = T1.Airline WHERE T2.City = ""Aberdeen"" AND T3.Airline = ""United Airlines"""
221,False,hallucinated_column|missing_column,2,SELECT T1.City FROM airports AS T1 JOIN flights AS T2 ON T1.AirportCode = T2.SourceAirport GROUP BY T1.City ORDER BY COUNT(*) DESC LIMIT 1,SELECT T1.City FROM AIRPORTS AS T1 JOIN FLIGHTS AS T2 ON T1.AirportCode = T2.DestAirport GROUP BY T1.City ORDER BY count(*) DESC LIMIT 1
222,True,,0,SELECT T1.City FROM airports AS T1 JOIN flights AS T2 ON T1.AirportCode = T2.DestAirport GROUP BY T1.City ORDER BY COUNT(*) DESC LIMIT 1,SELECT T1.City FROM AIRPORTS AS T1 JOIN FLIGHTS AS T2 ON T1.AirportCode = T2.DestAirport GROUP BY T1.City ORDER BY count(*) DESC LIMIT 1
223,True,,0,SELECT T1.City FROM airports AS T1 JOIN flights AS T2 ON T1.AirportCode = T2.SourceAirport GROUP BY T1.City ORDER BY COUNT(*) DESC LIMIT 1,SELECT T1.City FROM AIRPORTS AS T1 JOIN FLIGHTS AS T2 ON T1.AirportCode = T2.SourceAirport GROUP BY T1.City ORDER BY count(*) DESC LIMIT 1
224,True,,0,SELECT T1.City FROM airports AS T1 JOIN flights AS T2 ON T1.AirportCode = T2.SourceAirport GROUP BY T1.City ORDER BY COUNT(*) DESC LIMIT 1,SELECT T1.City FROM AIRPORTS AS T1 JOIN FLIGHTS AS T2 ON T1.AirportCode = T2.SourceAirport GROUP BY T1.City ORDER BY count(*) DESC LIMIT 1
225,False,missing_table|missing_column|missing_join|wrong_group_by_column,4,SELECT AirportCode FROM Flights GROUP BY SourceAirport ORDER BY count(*) DESC LIMIT 1,SELECT T1.AirportCode FROM AIRPORTS AS T1 JOIN FLIGHTS AS T2 ON T1.AirportCode = T2.DestAirport OR T1.AirportCode = T2.SourceAirport GROUP BY T1.AirportCode ORDER BY count(*) DESC LIMIT 1
226,False,missing_table|missing_column|missing_join|wrong_group_by_column,4,SELECT AirportCode FROM Flights GROUP BY SourceAirport ORDER BY count(*) DESC LIMIT 1,SELECT T1.AirportCode FROM AIRPORTS AS T1 JOIN FLIGHTS AS T2 ON T1.AirportCode = T2.DestAirport OR T1.AirportCode = T2.SourceAirport GROUP BY T1.AirportCode ORDER BY count(*) DESC LIMIT 1
227,False,missing_table|missing_column|missing_join|wrong_group_by_column,4,SELECT AirportCode FROM Flights GROUP BY SourceAirport ORDER BY count(*) LIMIT 1,SELECT T1.AirportCode FROM AIRPORTS AS T1 JOIN FLIGHTS AS T2 ON T1.AirportCode = T2.DestAirport OR T1.AirportCode = T2.SourceAirport GROUP BY T1.AirportCode ORDER BY count(*) LIMIT 1
228,False,missing_table|missing_column|missing_join|wrong_group_by_column,4,SELECT AirportCode FROM Flights GROUP BY SourceAirport ORDER BY count(*) LIMIT 1,SELECT T1.AirportCode FROM AIRPORTS AS T1 JOIN FLIGHTS AS T2 ON T1.AirportCode = T2.DestAirport OR T1.AirportCode = T2.SourceAirport GROUP BY T1.AirportCode ORDER BY count(*) LIMIT 1
229,False,hallucinated_column|wrong_select_column|missing_select_column|wrong_group_by_column,4,SELECT T1.Abbreviation FROM Airlines AS T1 JOIN Flights AS T2 ON T1.uid = T2.Airline GROUP BY T1.Abbreviation ORDER BY COUNT(*) DESC LIMIT 1,SELECT T1.Airline FROM AIRLINES AS T1 JOIN FLIGHTS AS T2 ON T1.uid = T2.Airline GROUP BY T1.Airline ORDER BY count(*) DESC LIMIT 1
230,False,hallucinated_column|wrong_select_column|missing_select_column|wrong_group_by_column,4,SELECT T1.Abbreviation FROM Airlines AS T1 JOIN Flights AS T2 ON T1.uid = T2.Airline GROUP BY T1.Abbreviation ORDER BY COUNT(*) DESC LIMIT 1,SELECT T1.Airline FROM AIRLINES AS T1 JOIN FLIGHTS AS T2 ON T1.uid = T2.Airline GROUP BY T1.Airline ORDER BY count(*) DESC LIMIT 1
231,False,wrong_group_by_column,1,"SELECT T1.Abbreviation , T1.Country FROM Airlines AS T1 JOIN Flights AS T2 ON T1.uid = T2.Airline GROUP BY T1.Abbreviation ORDER BY COUNT(*) LIMIT 1","SELECT T1.Abbreviation , T1.Country FROM AIRLINES AS T1 JOIN FLIGHTS AS T2 ON T1.uid = T2.Airline GROUP BY T1.Airline ORDER BY count(*) LIMIT 1"
232,False,wrong_group_by_column,1,"SELECT T1.Abbreviation , T2.Country FROM airlines AS T1 JOIN flights AS T2 ON T1.uid = T2.Airline GROUP BY T1.Abbreviation ORDER BY count(*) LIMIT 1","SELECT T1.Abbreviation , T1.Country FROM AIRLINES AS T1 JOIN FLIGHTS AS T2 ON T1.uid = T2.Airline GROUP BY T1.Airline ORDER BY count(*) LIMIT 1"
233,False,hallucinated_column|wrong_select_column|missing_select_column|extra_distinct,4,SELECT DISTINCT T1.Abbreviation FROM airlines AS T1 JOIN flights AS T2 ON T1.uid = T2.Airline WHERE T2.SourceAirport = 'AHD',"SELECT T1.Airline FROM AIRLINES AS T1 JOIN FLIGHTS AS T2 ON T1.uid = T2.Airline WHERE T2.SourceAirport = ""AHD"""
234,False,hallucinated_column|wrong_select_column|missing_select_column,3,"SELECT T1.Abbreviation FROM airlines AS T1 JOIN flights AS T2 ON T1.uid = T2.Airline WHERE T2.SourceAirport = ""AHD""","SELECT T1.Airline FROM AIRLINES AS T1 JOIN FLIGHTS AS T2 ON T1.uid = T2.Airline WHERE T2.SourceAirport = ""AHD"""
235,False,hallucinated_column|wrong_select_column|missing_select_column,3,SELECT T1.Abbreviation FROM airlines AS T1 JOIN flights AS T2 ON T1.uid = T2.Airline WHERE T2.DestAirport = 'AHD',"SELECT T1.Airline FROM AIRLINES AS T1 JOIN FLIGHTS AS T2 ON T1.uid = T2.Airline WHERE T2.DestAirport = ""AHD"""
236,False,hallucinated_column|wrong_select_column|missing_select_column,3,SELECT T1.Abbreviation FROM airlines AS T1 JOIN flights AS T2 ON T1.uid = T2.Airline WHERE T2.DestAirport = 'AHD',"SELECT T1.Airline FROM AIRLINES AS T1 JOIN FLIGHTS AS T2 ON T1.uid = T2.Airline WHERE T2.DestAirport = ""AHD"""
237,False,hallucinated_column|wrong_select_column|missing_select_column|wrong_set_op_branch,4,SELECT T1.Abbreviation FROM Airlines AS T1 JOIN Flights AS T2 ON T1.uid = T2.Airline WHERE T2.SourceAirport = 'APG' INTERSECT SELECT T1.Abbreviation FROM Airlines AS T1 JOIN Flights AS T2 ON T1.uid = T2.Airline WHERE T2.DestAirport = 'CVO',"SELECT T1.Airline FROM AIRLINES AS T1 JOIN FLIGHTS AS T2 ON T1.uid = T2.Airline WHERE T2.SourceAirport = ""APG"" INTERSECT SELECT T1.Airline FROM AIRLINES AS T1 JOIN FLIGHTS AS T2 ON T1.uid = T2.Airline WHERE T2.SourceAirport = ""CVO"""
238,False,hallucinated_column|wrong_select_column|missing_select_column|wrong_set_op_branch,4,SELECT T1.Abbreviation FROM airlines AS T1 JOIN flights AS T2 ON T1.uid = T2.Airline WHERE T2.SourceAirport = 'APG' INTERSECT SELECT T1.Abbreviation FROM airlines AS T1 JOIN flights AS T2 ON T1.uid = T2.Airline WHERE T2.SourceAirport = 'CVO',"SELECT T1.Airline FROM AIRLINES AS T1 JOIN FLIGHTS AS T2 ON T1.uid = T2.Airline WHERE T2.SourceAirport = ""APG"" INTERSECT SELECT T1.Airline FROM AIRLINES AS T1 JOIN FLIGHTS AS T2 ON T1.uid = T2.Airline WHERE T2.SourceAirport = ""CVO"""
239,False,hallucinated_column|wrong_select_column|missing_select_column|wrong_set_op_branch,4,SELECT T1.Abbreviation FROM Airlines AS T1 JOIN Flights AS T2 ON T1.uid = T2.Airline WHERE T2.SourceAirport = 'CVO' EXCEPT SELECT T1.Abbreviation FROM Airlines AS T1 JOIN Flights AS T2 ON T1.uid = T2.Airline WHERE T2.SourceAirport = 'APG',"SELECT T1.Airline FROM AIRLINES AS T1 JOIN FLIGHTS AS T2 ON T1.uid = T2.Airline WHERE T2.SourceAirport = ""CVO"" EXCEPT SELECT T1.Airline FROM AIRLINES AS T1 JOIN FLIGHTS AS T2 ON T1.uid = T2.Airline WHERE T2.SourceAirport = ""APG"""
240,False,hallucinated_column|wrong_select_column|missing_select_column|set_op_except_as_intersect|wrong_set_op_type|wrong_set_op_branch,6,"SELECT T1.Abbreviation FROM Airlines AS T1 JOIN Flights AS T2 ON T1.uid = T2.Airline WHERE T2.SourceAirport != ""APG"" INTERSECT SELECT T1.Abbreviation FROM Airlines AS T1 JOIN Flights AS T2 ON T1.uid = T2.Airline WHERE T2.SourceAirport = ""CVO""","SELECT T1.Airline FROM AIRLINES AS T1 JOIN FLIGHTS AS T2 ON T1.uid = T2.Airline WHERE T2.SourceAirport = ""CVO"" EXCEPT SELECT T1.Airline FROM AIRLINES AS T1 JOIN FLIGHTS AS T2 ON T1.uid = T2.Airline WHERE T2.SourceAirport = ""APG"""
241,False,hallucinated_column|wrong_select_column|missing_select_column,3,SELECT T2.Abbreviation FROM flights AS T1 JOIN airlines AS T2 ON T1.Airline = T2.uid GROUP BY T1.Airline HAVING count(*) >= 10,SELECT T1.Airline FROM AIRLINES AS T1 JOIN FLIGHTS AS T2 ON T1.uid = T2.Airline GROUP BY T1.Airline HAVING count(*) > 10
242,False,hallucinated_column|wrong_select_column|missing_select_column,3,SELECT T2.Abbreviation FROM flights AS T1 JOIN airlines AS T2 ON T1.Airline = T2.uid GROUP BY T1.Airline HAVING count(*) >= 10,SELECT T1.Airline FROM AIRLINES AS T1 JOIN FLIGHTS AS T2 ON T1.uid = T2.Airline GROUP BY T1.Airline HAVING count(*) > 10
243,False,hallucinated_column|wrong_select_column|missing_select_column|wrong_group_by_column,4,SELECT T1.Abbreviation FROM Airlines AS T1 JOIN Flights AS T2 ON T1.uid = T2.Airline GROUP BY T1.Abbreviation HAVING count(*) < 200,SELECT T1.Airline FROM AIRLINES AS T1 JOIN FLIGHTS AS T2 ON T1.uid = T2.Airline GROUP BY T1.Airline HAVING count(*) < 200
244,False,hallucinated_column|wrong_select_column|missing_select_column|wrong_group_by_column,4,SELECT T1.Abbreviation FROM Airlines AS T1 JOIN Flights AS T2 ON T1.uid = T2.Airline GROUP BY T1.Abbreviation HAVING count(*) < 200,SELECT T1.Airline FROM AIRLINES AS T1 JOIN FLIGHTS AS T2 ON T1.uid = T2.Airline GROUP BY T1.Airline HAVING count(*) < 200
245,False,missing_table|missing_column|missing_join,3,SELECT FlightNo FROM flights WHERE Airline = 1,"SELECT T1.FlightNo FROM FLIGHTS AS T1 JOIN AIRLINES AS T2 ON T2.uid = T1.Airline WHERE T2.Airline = ""United Airlines"""
246,False,missing_table|missing_column|missing_join,3,SELECT FlightNo FROM Flights WHERE Airline = 1,"SELECT T1.FlightNo FROM FLIGHTS AS T1 JOIN AIRLINES AS T2 ON T2.uid = T1.Airline WHERE T2.Airline = ""United Airlines"""
247,True,,0,"SELECT FlightNo FROM Flights WHERE SourceAirport = ""APG""","SELECT FlightNo FROM FLIGHTS WHERE SourceAirport = ""APG"""
248,True,,0,"SELECT FlightNo FROM Flights WHERE SourceAirport = ""APG""","SELECT FlightNo FROM FLIGHTS WHERE SourceAirport = ""APG"""
249,True,,0,"SELECT FlightNo FROM Flights WHERE DestAirport = ""APG""","SELECT FlightNo FROM FLIGHTS WHERE DestAirport = ""APG"""
250,True,,0,"SELECT FlightNo FROM Flights WHERE DestAirport = ""APG""","SELECT FlightNo FROM FLIGHTS WHERE DestAirport = ""APG"""
251,False,missing_table|missing_column|missing_join,3,"SELECT FlightNo FROM Flights WHERE SourceAirport = ""Aberdeen""","SELECT T1.FlightNo FROM FLIGHTS AS T1 JOIN AIRPORTS AS T2 ON T1.SourceAirport = T2.AirportCode WHERE T2.City = ""Aberdeen"""
252,False,missing_table|missing_column|missing_join,3,"SELECT FlightNo FROM Flights WHERE SourceAirport = ""ABERDEEN""","SELECT T1.FlightNo FROM FLIGHTS AS T1 JOIN AIRPORTS AS T2 ON T1.SourceAirport = T2.AirportCode WHERE T2.City = ""Aberdeen"""
253,False,missing_table|missing_column|missing_join,3,"SELECT FlightNo FROM Flights WHERE DestAirport = ""Aberdeen""","SELECT T1.FlightNo FROM FLIGHTS AS T1 JOIN AIRPORTS AS T2 ON T1.DestAirport = T2.AirportCode WHERE T2.City = ""Aberdeen"""
254,False,missing_table|missing_column|missing_join,3,"SELECT FlightNo FROM Flights WHERE DestAirport = ""ABERDEEN""","SELECT T1.FlightNo FROM FLIGHTS AS T1 JOIN AIRPORTS AS T2 ON T1.DestAirport = T2.AirportCode WHERE T2.City = ""Aberdeen"""
255,False,missing_table|missing_column|missing_join,3,SELECT count(*) FROM flights WHERE destairport = 'Aberdeen' OR destairport = 'Abilene',"SELECT count(*) FROM Flights AS T1 JOIN Airports AS T2 ON T1.DestAirport = T2.AirportCode WHERE T2.city = ""Aberdeen"" OR T2.city = ""Abilene"""
256,False,missing_table|missing_column|missing_join,3,SELECT count(*) FROM flights WHERE destairport = 'Aberdeen' OR destairport = 'Abilene',"SELECT count(*) FROM Flights AS T1 JOIN Airports AS T2 ON T1.DestAirport = T2.AirportCode WHERE T2.city = ""Aberdeen"" OR T2.city = ""Abilene"""
257,False,hallucinated_table|hallucinated_column|extra_join|missing_where|wrong_set_op_count|wrong_set_op_branch,6,SELECT airportname FROM airports EXCEPT SELECT T1.city FROM airports AS T1 JOIN flights AS T2 ON T1.airportcode = T2.destairport INTERSECT SELECT T1.city FROM airports AS T1 JOIN flights AS T2 ON T1.airportcode = T2.sourceairport,SELECT AirportName FROM Airports WHERE AirportCode NOT IN (SELECT SourceAirport FROM Flights UNION SELECT DestAirport FROM Flights)
258,False,wrong_select_column|missing_select_column|missing_where|wrong_set_op_count|wrong_set_op_branch,5,SELECT airportcode FROM airports EXCEPT SELECT destairport FROM flights UNION SELECT sourceairport FROM flights,SELECT AirportName FROM Airports WHERE AirportCode NOT IN (SELECT SourceAirport FROM Flights UNION SELECT DestAirport FROM Flights)
259,True,,0,SELECT count(*) FROM employee,SELECT count(*) FROM employee
260,True,,0,SELECT count(*) FROM employee,SELECT count(*) FROM employee
261,True,,0,SELECT name FROM employee ORDER BY age ASC,SELECT name FROM employee ORDER BY age
262,True,,0,SELECT name FROM employee ORDER BY age ASC,SELECT name FROM employee ORDER BY age
263,True,,0,"SELECT count(*) , city FROM employee GROUP BY city","SELECT count(*) , city FROM employee GROUP BY city"
264,True,,0,"SELECT count(*) , city FROM employee GROUP BY city","SELECT count(*) , city FROM employee GROUP BY city"
265,True,,0,SELECT city FROM employee WHERE age < 30 GROUP BY city HAVING count(*) > 1,SELECT city FROM employee WHERE age < 30 GROUP BY city HAVING count(*) > 1
266,True,,0,SELECT city FROM employee WHERE age < 30 GROUP BY city HAVING count(*) > 1,SELECT city FROM employee WHERE age < 30 GROUP BY city HAVING count(*) > 1
267,True,,0,"SELECT count(*) , LOCATION FROM shop GROUP BY LOCATION","SELECT count(*) , LOCATION FROM shop GROUP BY LOCATION"
268,True,,0,"SELECT count(*) , LOCATION FROM shop GROUP BY LOCATION","SELECT count(*) , LOCATION FROM shop GROUP BY LOCATION"
269,False,hallucinated_table|hallucinated_column|extra_join,3,"SELECT T1.manager_name , T2.district FROM shop AS T1 JOIN district AS T2 ON T1.District = T2.District ORDER BY T1.Number_products DESC LIMIT 1","SELECT manager_name , district FROM shop ORDER BY number_products DESC LIMIT 1"
270,False,hallucinated_table|hallucinated_column|extra_join,3,"SELECT T1.manager_name , T2.district FROM shop AS T1 JOIN district AS T2 ON T1.District = T2.District ORDER BY T1.Number_products DESC LIMIT 1","SELECT manager_name , district FROM shop ORDER BY number_products DESC LIMIT 1"
271,True,,0,"SELECT min(Number_products) , max(Number_products) FROM shop","SELECT min(Number_products) , max(Number_products) FROM shop"
272,True,,0,"SELECT min(Number_products) , max(Number_products) FROM shop","SELECT min(Number_products) , max(Number_products) FROM shop"
273,True,,0,"SELECT name , LOCATION , district FROM shop ORDER BY number_products DESC","SELECT name , LOCATION , district FROM shop ORDER BY number_products DESC"
274,True,,0,"SELECT name , LOCATION , district FROM shop ORDER BY number_products DESC","SELECT name , LOCATION , district FROM shop ORDER BY number_products DESC"
275,True,,0,SELECT name FROM shop WHERE number_products > (SELECT avg(number_products) FROM shop),SELECT name FROM shop WHERE number_products > (SELECT avg(number_products) FROM shop)
276,True,,0,SELECT name FROM shop WHERE number_products > (SELECT avg(number_products) FROM shop),SELECT name FROM shop WHERE number_products > (SELECT avg(number_products) FROM shop)
277,True,,0,SELECT T1.Name FROM employee AS T1 JOIN evaluation AS T2 ON T1.Employee_id = T2.Employee_id GROUP BY T2.employee_id ORDER BY count(*) DESC LIMIT 1,SELECT t1.name FROM employee AS t1 JOIN evaluation AS t2 ON t1.Employee_ID = t2.Employee_ID GROUP BY t2.Employee_ID ORDER BY count(*) DESC LIMIT 1
278,False,hallucinated_column|missing_aggregation|missing_group_by|wrong_order_by_column,4,SELECT T1.Name FROM employee AS T1 JOIN evaluation AS T2 ON T1.Employee_ID = T2.Employee_ID ORDER BY T2.Bonus DESC LIMIT 1,SELECT t1.name FROM employee AS t1 JOIN evaluation AS t2 ON t1.Employee_ID = t2.Employee_ID GROUP BY t2.Employee_ID ORDER BY count(*) DESC LIMIT 1
279,True,,0,SELECT T1.Name FROM employee AS T1 JOIN evaluation AS T2 ON T1.Employee_id = T2.Employee_id ORDER BY T2.Bonus DESC LIMIT 1,SELECT t1.name FROM employee AS t1 JOIN evaluation AS t2 ON t1.Employee_ID = t2.Employee_ID ORDER BY t2.bonus DESC LIMIT 1
280,True,,0,SELECT T1.Name FROM employee AS T1 JOIN evaluation AS T2 ON T1.Employee_id = T2.Employee_id ORDER BY T2.Bonus DESC LIMIT 1,SELECT t1.name FROM employee AS t1 JOIN evaluation AS t2 ON t1.Employee_ID = t2.Employee_ID ORDER BY t2.bonus DESC LIMIT 1
281,True,,0,SELECT name FROM employee WHERE employee_id NOT IN (SELECT employee_id FROM evaluation),SELECT name FROM employee WHERE Employee_ID NOT IN (SELECT Employee_ID FROM evaluation)
282,True,,0,SELECT name FROM employee WHERE employee_id NOT IN (SELECT employee_id FROM evaluation),SELECT name FROM employee WHERE Employee_ID NOT IN (SELECT Employee_ID FROM evaluation)
283,True,,0,SELECT T2.name FROM hiring AS T1 JOIN shop AS T2 ON T1.shop_id = T2.shop_id GROUP BY T1.shop_id ORDER BY count(*) DESC LIMIT 1,SELECT t2.name FROM hiring AS t1 JOIN shop AS t2 ON t1.shop_id = t2.shop_id GROUP BY t1.shop_id ORDER BY count(*) DESC LIMIT 1
284,True,,0,SELECT T1.Name FROM shop AS T1 JOIN hiring AS T2 ON T1.Shop_id = T2.Shop_id GROUP BY T1.Shop_id ORDER BY count(*) DESC LIMIT 1,SELECT t2.name FROM hiring AS t1 JOIN shop AS t2 ON t1.shop_id = t2.shop_id GROUP BY t1.shop_id ORDER BY count(*) DESC LIMIT 1
285,True,,0,SELECT name FROM shop WHERE shop_id NOT IN (SELECT shop_id FROM hiring),SELECT name FROM shop WHERE shop_id NOT IN (SELECT shop_id FROM hiring)
286,True,,0,SELECT name FROM shop WHERE shop_id NOT IN (SELECT shop_id FROM hiring),SELECT name FROM shop WHERE shop_id NOT IN (SELECT shop_id FROM hiring)
287,False,wrong_group_by_column,1,"SELECT T1.Name , COUNT(*) FROM shop AS T1 JOIN hiring AS T2 ON T1.Shop_id = T2.Shop_id GROUP BY T1.Shop_id","SELECT count(*) , t2.name FROM hiring AS t1 JOIN shop AS t2 ON t1.shop_id = t2.shop_id GROUP BY t2.name"
288,True,,0,"SELECT T2.Name , COUNT(*) FROM hiring AS T1 JOIN shop AS T2 ON T1.Shop_id = T2.Shop_id GROUP BY T2.Name","SELECT count(*) , t2.name FROM hiring AS t1 JOIN shop AS t2 ON t1.shop_id = t2.shop_id GROUP BY t2.name"
289,True,,0,SELECT sum(bonus) FROM evaluation,SELECT sum(bonus) FROM evaluation
290,True,,0,SELECT sum(Bonus) FROM evaluation,SELECT sum(bonus) FROM evaluation
291,True,,0,SELECT * FROM hiring,SELECT * FROM hiring
292,True,,0,SELECT * FROM hiring,SELECT * FROM hiring
293,False,hallucinated_column|extra_join|wrong_set_op_branch,3,SELECT T2.District FROM shop AS T1 JOIN shop AS T2 ON T1.District = T2.District WHERE T1.Number_products < 3000 INTERSECT SELECT T2.District FROM shop AS T1 JOIN shop AS T2 ON T1.District = T2.District WHERE T1.Number_products > 10000,SELECT district FROM shop WHERE Number_products < 3000 INTERSECT SELECT district FROM shop WHERE Number_products > 10000
294,True,,0,SELECT district FROM shop WHERE number_products < 3000 INTERSECT SELECT district FROM shop WHERE number_products > 10000,SELECT district FROM shop WHERE Number_products < 3000 INTERSECT SELECT district FROM shop WHERE Number_products > 10000
295,True,,0,SELECT count(DISTINCT LOCATION) FROM shop,SELECT count(DISTINCT LOCATION) FROM shop
296,True,,0,SELECT count(DISTINCT LOCATION) FROM shop,SELECT count(DISTINCT LOCATION) FROM shop
297,True,,0,SELECT count(*) FROM Documents,SELECT count(*) FROM Documents
298,True,,0,SELECT count(*) FROM Documents,SELECT count(*) FROM Documents
299,True,,0,"SELECT document_id , document_name , document_description FROM Documents","SELECT document_id , document_name , document_description FROM Documents"
300,True,,0,"SELECT document_id , document_name , document_description FROM Documents","SELECT document_id , document_name , document_description FROM Documents"
301,False,hallucinated_table|hallucinated_column|extra_join,3,"SELECT T1.document_name , T2.template_id FROM documents AS T1 JOIN templates AS T2 ON T1.template_id = T2.template_id WHERE T1.document_description LIKE '%w%'","SELECT document_name , template_id FROM Documents WHERE Document_Description LIKE ""%w%"""
302,False,hallucinated_column|extra_join,2,"SELECT T1.document_name , T2.template_id FROM Documents AS T1 JOIN Documents AS T2 ON T1.document_id = T2.document_id WHERE T1.document_description LIKE '%w%'","SELECT document_name , template_id FROM Documents WHERE Document_Description LIKE ""%w%"""
303,False,hallucinated_table|hallucinated_column|extra_join,3,"SELECT T1.document_id , T2.template_id , T1.document_description FROM documents AS T1 JOIN templates AS T2 ON T1.template_id = T2.template_id WHERE T1.document_name = ""Robbin CV""","SELECT document_id , template_id , Document_Description FROM Documents WHERE document_name = ""Robbin CV"""
304,False,hallucinated_table|hallucinated_column|extra_join,3,"SELECT T1.document_id , T2.template_id , T1.document_description FROM documents AS T1 JOIN templates AS T2 ON T1.template_id = T2.template_id WHERE T1.document_name = ""Robbin CV""","SELECT document_id , template_id , Document_Description FROM Documents WHERE document_name = ""Robbin CV"""
305,True,,0,SELECT count(DISTINCT template_id) FROM documents,SELECT count(DISTINCT template_id) FROM Documents
306,True,,0,SELECT count(DISTINCT template_id) FROM Documents,SELECT count(DISTINCT template_id) FROM Documents
307,True,,0,SELECT count(*) FROM templates AS T1 JOIN documents AS T2 ON T1.template_id = T2.template_id WHERE T1.template_type_code = 'PPT',SELECT count(*) FROM Documents AS T1 JOIN Templates AS T2 ON T1.Template_ID = T2.Template_ID WHERE T2.Template_Type_Code = 'PPT'
308,True,,0,"SELECT count(*) FROM Documents AS T1 JOIN Templates AS T2 ON T1.Template_ID = T2.Template_ID WHERE T2.Template_type_code = ""PPT""",SELECT count(*) FROM Documents AS T1 JOIN Templates AS T2 ON T1.Template_ID = T2.Template_ID WHERE T2.Template_Type_Code = 'PPT'
309,False,hallucinated_table|hallucinated_column|extra_join,3,"SELECT T1.template_id , count(*) FROM templates AS T1 JOIN documents AS T2 ON T1.template_id = T2.template_id GROUP BY T1.template_id","SELECT template_id , count(*) FROM Documents GROUP BY template_id"
310,False,hallucinated_table|hallucinated_column|extra_join,3,"SELECT T1.Template_ID , COUNT(*) FROM Documents AS T1 JOIN Templates AS T2 ON T1.template_id = T2.template_id GROUP BY T1.Template_ID","SELECT template_id , count(*) FROM Documents GROUP BY template_id"
311,False,missing_table|hallucinated_table,2,"SELECT T1.template_id , T2.Template_type_code FROM templates AS T1 JOIN ref_template_types AS T2 ON T1.template_type_code = T2.template_type_code GROUP BY T1.template_id ORDER BY count(*) DESC LIMIT 1","SELECT T1.template_id , T2.Template_Type_Code FROM Documents AS T1 JOIN Templates AS T2 ON T1.template_id = T2.template_id GROUP BY T1.template_id ORDER BY count(*) DESC LIMIT 1"
312,False,missing_table|hallucinated_table,2,"SELECT T1.template_id , T2.Template_type_code FROM templates AS T1 JOIN ref_template_types AS T2 ON T1.template_type_code = T2.template_type_code GROUP BY T1.template_id ORDER BY count(*) DESC LIMIT 1","SELECT T1.template_id , T2.Template_Type_Code FROM Documents AS T1 JOIN Templates AS T2 ON T1.template_id = T2.template_id GROUP BY T1.template_id ORDER BY count(*) DESC LIMIT 1"
313,False,hallucinated_table|hallucinated_column|extra_join,3,SELECT T1.Template_id FROM Templates AS T1 JOIN Documents AS T2 ON T1.template_id = T2.template_id GROUP BY T1.template_id HAVING count(*) > 1,SELECT template_id FROM Documents GROUP BY template_id HAVING count(*) > 1
314,False,hallucinated_table|hallucinated_column|extra_join|extra_distinct,4,SELECT DISTINCT T1.Template_ID FROM Documents AS T1 JOIN Templates AS T2 ON T1.Template_ID = T2.Template_ID GROUP BY T1.Template_ID HAVING COUNT(*) > 1,SELECT template_id FROM Documents GROUP BY template_id HAVING count(*) > 1
315,False,hallucinated_column|extra_join|wrong_set_op_branch,3,SELECT template_id FROM templates EXCEPT SELECT T1.template_id FROM documents AS T1 JOIN templates AS T2 ON T1.template_id = T2.template_id,SELECT template_id FROM Templates EXCEPT SELECT template_id FROM Documents
316,False,hallucinated_table|hallucinated_column|extra_join|wrong_set_op_branch,4,SELECT template_id FROM templates EXCEPT SELECT T1.template_id FROM templates AS T1 JOIN documents AS T2 ON T1.template_id = T2.template_id,SELECT template_id FROM Templates EXCEPT SELECT template_id FROM Documents
317,True,,0,SELECT count(*) FROM Templates,SELECT count(*) FROM Templates
318,True,,0,SELECT count(*) FROM Templates,SELECT count(*) FROM Templates
319,True,,0,"SELECT Template_ID , Version_Number , Template_Type_Code FROM Templates","SELECT template_id , version_number , template_type_code FROM Templates"
320,True,,0,"SELECT Template_ID , Version_Number , Template_Type_Code FROM Templates","SELECT template_id , version_number , template_type_code FROM Templates"
321,True,,0,SELECT DISTINCT Template_Type_Code FROM Templates,SELECT DISTINCT template_type_code FROM Templates
322,True,,0,SELECT DISTINCT Template_Type_Code FROM Templates,SELECT DISTINCT template_type_code FROM Templates
323,True,,0,SELECT template_id FROM templates WHERE template_type_code = 'PP' OR template_type_code = 'PPT',"SELECT template_id FROM Templates WHERE template_type_code = ""PP"" OR template_type_code = ""PPT"""
324,True,,0,"SELECT template_id FROM templates WHERE template_type_code = ""PP"" OR template_type_code = ""PPT""","SELECT template_id FROM Templates WHERE template_type_code = ""PP"" OR template_type_code = ""PPT"""
325,True,,0,"SELECT count(*) FROM Templates WHERE Template_type_code = ""CV""","SELECT count(*) FROM Templates WHERE template_type_code = ""CV"""
326,True,,0,"SELECT count(*) FROM templates WHERE template_type_code = ""CV""","SELECT count(*) FROM Templates WHERE template_type_code = ""CV"""
327,True,,0,"SELECT version_number , template_type_code FROM templates WHERE version_number > 5","SELECT version_number , template_type_code FROM Templates WHERE version_number > 5"
328,True,,0,"SELECT Version_Number , Template_Type_Code FROM Templates WHERE Version_Number > 5","SELECT version_number , template_type_code FROM Templates WHERE version_number > 5"
329,False,hallucinated_table|hallucinated_column|extra_join,3,"SELECT T1.Template_Type_Code , COUNT(*) FROM Ref_Template_Types AS T1 JOIN Templates AS T2 ON T1.Template_Type_Code = T2.Template_Type_Code GROUP BY T1.Template_Type_Code","SELECT template_type_code , count(*) FROM Templates GROUP BY template_type_code"
330,False,hallucinated_table|hallucinated_column|extra_join,3,"SELECT count(*) , T1.Template_type_code FROM Ref_template_types AS T1 JOIN Templates AS T2 ON T1.template_type_code = T2.template_type_code GROUP BY T1.template_type_code","SELECT template_type_code , count(*) FROM Templates GROUP BY template_type_code"
331,False,hallucinated_table|hallucinated_column|extra_join,3,SELECT T1.Template_Type_Code FROM Ref_Template_Types AS T1 JOIN Templates AS T2 ON T1.Template_Type_Code = T2.Template_Type_Code GROUP BY T1.Template_Type_Code ORDER BY COUNT(*) DESC LIMIT 1,SELECT template_type_code FROM Templates GROUP BY template_type_code ORDER BY count(*) DESC LIMIT 1
332,False,hallucinated_table|hallucinated_column|extra_join,3,SELECT T1.Template_Type_Code FROM Ref_Template_Types AS T1 JOIN Templates AS T2 ON T1.Template_Type_Code = T2.Template_Type_Code GROUP BY T1.Template_Type_Code ORDER BY COUNT(*) DESC LIMIT 1,SELECT template_type_code FROM Templates GROUP BY template_type_code ORDER BY count(*) DESC LIMIT 1
333,True,,0,SELECT Template_type_code FROM Templates GROUP BY Template_type_code HAVING count(*) < 3,SELECT template_type_code FROM Templates GROUP BY template_type_code HAVING count(*) < 3
334,True,,0,SELECT Template_Type_Code FROM Templates GROUP BY Template_Type_Code HAVING count(*) < 3,SELECT template_type_code FROM Templates GROUP BY template_type_code HAVING count(*) < 3
335,True,,0,"SELECT min(Version_Number), Template_Type_Code FROM Templates","SELECT min(Version_Number) , template_type_code FROM Templates"
336,True,,0,"SELECT min(Version_Number) , Template_Type_Code FROM Templates","SELECT min(Version_Number) , template_type_code FROM Templates"
337,True,,0,"SELECT T1.Template_Type_Code FROM Templates AS T1 JOIN Documents AS T2 ON T1.Template_ID = T2.Template_ID WHERE T2.Document_Name = ""Data base""","SELECT T1.template_type_code FROM Templates AS T1 JOIN Documents AS T2 ON T1.template_id = T2.template_id WHERE T2.document_name = ""Data base"""
338,True,,0,"SELECT T1.Template_Type_Code FROM Templates AS T1 JOIN Documents AS T2 ON T1.Template_ID = T2.Template_ID WHERE T2.Document_name = ""Data base""","SELECT T1.template_type_code FROM Templates AS T1 JOIN Documents AS T2 ON T1.template_id = T2.template_id WHERE T2.document_name = ""Data base"""
339,True,,0,SELECT T1.document_name FROM documents AS T1 JOIN templates AS T2 ON T1.template_id = T2.template_id WHERE T2.template_type_code = 'BK',"SELECT T2.document_name FROM Templates AS T1 JOIN Documents AS T2 ON T1.template_id = T2.template_id WHERE T1.template_type_code = ""BK"""
340,True,,0,"SELECT T1.document_name FROM Documents AS T1 JOIN Templates AS T2 ON T1.template_id = T2.template_id WHERE T2.Template_type_code = ""BK""","SELECT T2.document_name FROM Templates AS T1 JOIN Documents AS T2 ON T1.template_id = T2.template_id WHERE T1.template_type_code = ""BK"""
341,False,missing_table|hallucinated_table|missing_column,3,"SELECT T1.Template_Type_Code , COUNT(*) FROM Ref_Template_Types AS T1 JOIN Documents AS T2 ON T1.Template_Type_Code = T2.Template_Type_Code GROUP BY T1.Template_Type_Code","SELECT T1.template_type_code , count(*) FROM Templates AS T1 JOIN Documents AS T2 ON T1.template_id = T2.template_id GROUP BY T1.template_type_code"
342,False,missing_table|hallucinated_table|missing_column,3,"SELECT T1.Template_Type_Code , COUNT(*) FROM Ref_Template_Types AS T1 JOIN Documents AS T2 ON T1.Template_Type_Code = T2.Template_Type_Code GROUP BY T1.Template_Type_Code","SELECT T1.template_type_code , count(*) FROM Templates AS T1 JOIN Documents AS T2 ON T1.template_id = T2.template_id GROUP BY T1.template_type_code"
343,False,missing_table|hallucinated_table|missing_column,3,SELECT T1.Template_Type_Code FROM Ref_Template_Types AS T1 JOIN Documents AS T2 ON T1.Template_Type_Code = T2.Template_Type_Code GROUP BY T1.Template_Type_Code ORDER BY COUNT(*) DESC LIMIT 1,SELECT T1.template_type_code FROM Templates AS T1 JOIN Documents AS T2 ON T1.template_id = T2.template_id GROUP BY T1.template_type_code ORDER BY count(*) DESC LIMIT 1
344,False,missing_table|hallucinated_table|missing_column,3,SELECT T1.Template_Type_Code FROM Ref_Template_Types AS T1 JOIN Documents AS T2 ON T1.Template_Type_Code = T2.Template_Type_Code GROUP BY T1.Template_Type_Code ORDER BY COUNT(*) DESC LIMIT 1,SELECT T1.template_type_code FROM Templates AS T1 JOIN Documents AS T2 ON T1.template_id = T2.template_id GROUP BY T1.template_type_code ORDER BY count(*) DESC LIMIT 1
345,False,missing_table|missing_column|missing_join|wrong_set_op_branch,4,SELECT Template_Type_Code FROM Templates EXCEPT SELECT Template_Type_Code FROM Documents,SELECT template_type_code FROM Templates EXCEPT SELECT template_type_code FROM Templates AS T1 JOIN Documents AS T2 ON T1.template_id = T2.template_id
346,False,missing_table|missing_column|missing_join|wrong_set_op_branch,4,SELECT template_type_code FROM templates EXCEPT SELECT template_type_code FROM documents,SELECT template_type_code FROM Templates EXCEPT SELECT template_type_code FROM Templates AS T1 JOIN Documents AS T2 ON T1.template_id = T2.template_id
347,False,wrong_select_column|missing_select_column,2,SELECT * FROM Ref_Template_Types,"SELECT template_type_code , template_type_description FROM Ref_template_types"
348,True,,0,"SELECT Template_Type_Code , Template_Type_Description FROM Ref_Template_Types","SELECT template_type_code , template_type_description FROM Ref_template_types"
349,True,,0,"SELECT Template_Type_Description FROM Ref_Template_Types WHERE Template_Type_Code = ""AD""","SELECT template_type_description FROM Ref_template_types WHERE template_type_code = ""AD"""
350,False,hallucinated_table|hallucinated_column|extra_join,3,"SELECT T1.Template_Type_Description FROM Ref_Template_Types AS T1 JOIN Templates AS T2 ON T1.Template_Type_Code = T2.Template_Type_Code WHERE T2.Template_Type_Code = ""AD""","SELECT template_type_description FROM Ref_template_types WHERE template_type_code = ""AD"""
351,True,,0,"SELECT Template_Type_Code FROM Ref_Template_Types WHERE Template_Type_Description = ""Book""","SELECT template_type_code FROM Ref_template_types WHERE template_type_description = ""Book"""
352,True,,0,"SELECT Template_Type_Code FROM Ref_Template_Types WHERE Template_Type_Description = ""Book""","SELECT template_type_code FROM Ref_template_types WHERE template_type_description = ""Book"""
353,True,,0,SELECT DISTINCT T1.Template_Type_Description FROM Ref_Template_Types AS T1 JOIN Templates AS T2 ON T1.Template_Type_Code = T2.Template_Type_Code JOIN Documents AS T3 ON T2.Template_ID = T3.Template_ID,SELECT DISTINCT T1.template_type_description FROM Ref_template_types AS T1 JOIN Templates AS T2 ON T1.template_type_code = T2.template_type_code JOIN Documents AS T3 ON T2.Template_ID = T3.template_ID
354,True,,0,SELECT DISTINCT T1.Template_Type_Description FROM Ref_Template_Types AS T1 JOIN Templates AS T2 ON T1.Template_Type_Code = T2.Template_Type_Code JOIN Documents AS T3 ON T2.Template_ID = T3.Template_ID,SELECT DISTINCT T1.template_type_description FROM Ref_template_types AS T1 JOIN Templates AS T2 ON T1.template_type_code = T2.template_type_code JOIN Documents AS T3 ON T2.Template_ID = T3.template_ID
355,True,,0,"SELECT T1.template_id FROM templates AS T1 JOIN ref_template_types AS T2 ON T1.template_type_code = T2.template_type_code WHERE T2.template_type_description = ""Presentation""","SELECT T2.template_id FROM Ref_template_types AS T1 JOIN Templates AS T2 ON T1.template_type_code = T2.template_type_code WHERE T1.template_type_description = ""Presentation"""
356,False,missing_table|missing_column|missing_join,3,SELECT template_id FROM templates WHERE template_type_code = 'Presentation',"SELECT T2.template_id FROM Ref_template_types AS T1 JOIN Templates AS T2 ON T1.template_type_code = T2.template_type_code WHERE T1.template_type_description = ""Presentation"""
357,True,,0,SELECT count(*) FROM Paragraphs,SELECT count(*) FROM Paragraphs
358,True,,0,SELECT count(*) FROM Paragraphs,SELECT count(*) FROM Paragraphs
359,True,,0,"SELECT count(*) FROM paragraphs AS T1 JOIN documents AS T2 ON T1.document_id = T2.document_id WHERE T2.document_name = ""Summer Show""",SELECT count(*) FROM Paragraphs AS T1 JOIN Documents AS T2 ON T1.document_ID = T2.document_ID WHERE T2.document_name = 'Summer Show'
360,True,,0,"SELECT count(*) FROM paragraphs AS T1 JOIN documents AS T2 ON T1.document_id = T2.document_id WHERE T2.document_name = ""Summer Show""",SELECT count(*) FROM Paragraphs AS T1 JOIN Documents AS T2 ON T1.document_ID = T2.document_ID WHERE T2.document_name = 'Summer Show'
361,False,hallucinated_table|hallucinated_column|extra_join|wrong_where_operator,4,"SELECT T1.other_details FROM paragraphs AS T1 JOIN documents AS T2 ON T1.document_id = T2.document_id WHERE T2.paragraph_text = ""Korea""",select other_details from paragraphs where paragraph_text like 'korea'
362,False,hallucinated_table|hallucinated_column|wrong_select_column|missing_select_column|extra_join,5,SELECT T1.Paragraph_text FROM Paragraphs AS T1 JOIN Documents AS T2 ON T1.Document_id = T2.document_id WHERE T2.document_name LIKE '%Korea%',select other_details from paragraphs where paragraph_text like 'korea'
363,True,,0,"SELECT T1.Paragraph_ID , T2.Paragraph_Text FROM Documents AS T1 JOIN Paragraphs AS T2 ON T1.Document_ID = T2.Document_ID WHERE T1.Document_name = ""Welcome to NY""","SELECT T1.paragraph_id , T1.paragraph_text FROM Paragraphs AS T1 JOIN Documents AS T2 ON T1.document_id = T2.document_id WHERE T2.Document_Name = 'Welcome to NY'"
364,True,,0,"SELECT T1.Paragraph_ID , T2.Paragraph_Text FROM Paragraphs AS T1 JOIN Documents AS T2 ON T1.Document_ID = T2.Document_ID WHERE T2.Document_name = ""Welcome to NY""","SELECT T1.paragraph_id , T1.paragraph_text FROM Paragraphs AS T1 JOIN Documents AS T2 ON T1.document_id = T2.document_id WHERE T2.Document_Name = 'Welcome to NY'"
365,True,,0,"SELECT T1.Paragraph_text FROM Paragraphs AS T1 JOIN Documents AS T2 ON T1.Document_id = T2.document_id WHERE T2.document_name = ""Customer Reviews""","SELECT T1.paragraph_text FROM Paragraphs AS T1 JOIN Documents AS T2 ON T1.document_id = T2.document_id WHERE T2.document_name = ""Customer reviews"""
366,True,,0,"SELECT T1.Paragraph_text FROM Paragraphs AS T1 JOIN Documents AS T2 ON T1.Document_id = T2.document_id WHERE T2.document_name = ""Customer reviews""","SELECT T1.paragraph_text FROM Paragraphs AS T1 JOIN Documents AS T2 ON T1.document_id = T2.document_id WHERE T2.document_name = ""Customer reviews"""
367,False,hallucinated_table|hallucinated_column|extra_join,3,"SELECT T1.document_id , count(*) FROM documents AS T1 JOIN paragraphs AS T2 ON T1.document_id = T2.document_id GROUP BY T1.document_id ORDER BY T1.document_id","SELECT document_id , count(*) FROM Paragraphs GROUP BY document_id ORDER BY document_id"
368,True,,0,"SELECT document_id , count(*) FROM paragraphs GROUP BY document_id ORDER BY document_id","SELECT document_id , count(*) FROM Paragraphs GROUP BY document_id ORDER BY document_id"
369,True,,0,"SELECT T1.document_id , T2.document_name , count(*) FROM documents AS T1 JOIN paragraphs AS T2 ON T1.document_id = T2.document_id GROUP BY T1.document_id","SELECT T1.document_id , T2.document_name , count(*) FROM Paragraphs AS T1 JOIN Documents AS T2 ON T1.document_id = T2.document_id GROUP BY T1.document_id"
370,True,,0,"SELECT T1.document_id , T2.document_name , count(*) FROM documents AS T1 JOIN paragraphs AS T2 ON T1.document_id = T2.document_id GROUP BY T1.document_id","SELECT T1.document_id , T2.document_name , count(*) FROM Paragraphs AS T1 JOIN Documents AS T2 ON T1.document_id = T2.document_id GROUP BY T1.document_id"
371,False,hallucinated_table|hallucinated_column|extra_join|extra_distinct,4,SELECT DISTINCT T1.document_id FROM documents AS T1 JOIN paragraphs AS T2 ON T1.document_id = T2.document_id GROUP BY T1.document_id HAVING count(*) >= 2,SELECT document_id FROM Paragraphs GROUP BY document_id HAVING count(*) >= 2
372,True,,0,SELECT document_id FROM paragraphs GROUP BY document_id HAVING count(*) >= 2,SELECT document_id FROM Paragraphs GROUP BY document_id HAVING count(*) >= 2
373,True,,0,"SELECT T1.document_id , T2.document_name FROM documents AS T1 JOIN paragraphs AS T2 ON T1.document_id = T2.document_id GROUP BY T1.document_id ORDER BY count(*) DESC LIMIT 1","SELECT T1.document_id , T2.document_name FROM Paragraphs AS T1 JOIN Documents AS T2 ON T1.document_id = T2.document_id GROUP BY T1.document_id ORDER BY count(*) DESC LIMIT 1"
374,True,,0,"SELECT T1.document_id , T2.document_name FROM documents AS T1 JOIN paragraphs AS T2 ON T1.document_id = T2.document_id GROUP BY T1.document_id ORDER BY count(*) DESC LIMIT 1","SELECT T1.document_id , T2.document_name FROM Paragraphs AS T1 JOIN Documents AS T2 ON T1.document_id = T2.document_id GROUP BY T1.document_id ORDER BY count(*) DESC LIMIT 1"
375,False,missing_table|hallucinated_table,2,SELECT document_id FROM documents GROUP BY document_id ORDER BY count(*) LIMIT 1,SELECT document_id FROM Paragraphs GROUP BY document_id ORDER BY count(*) ASC LIMIT 1
376,False,hallucinated_table|hallucinated_column|extra_join,3,SELECT T1.document_id FROM documents AS T1 JOIN paragraphs AS T2 ON T1.document_id = T2.document_id GROUP BY T1.document_id ORDER BY count(*) LIMIT 1,SELECT document_id FROM Paragraphs GROUP BY document_id ORDER BY count(*) ASC LIMIT 1
377,False,hallucinated_table|hallucinated_column|extra_join,3,SELECT T1.document_id FROM documents AS T1 JOIN paragraphs AS T2 ON T1.document_id = T2.document_id GROUP BY T1.document_id HAVING count(*) BETWEEN 1 AND 2,SELECT document_id FROM Paragraphs GROUP BY document_id HAVING count(*) BETWEEN 1 AND 2
378,True,,0,SELECT document_id FROM paragraphs GROUP BY document_id HAVING count(*) BETWEEN 1 AND 2,SELECT document_id FROM Paragraphs GROUP BY document_id HAVING count(*) BETWEEN 1 AND 2
379,False,hallucinated_table|hallucinated_column|extra_join|wrong_set_op_branch,4,SELECT T1.document_id FROM documents AS T1 JOIN paragraphs AS T2 ON T1.document_id = T2.document_id WHERE T2.paragraph_text = 'Brazil' INTERSECT SELECT T1.document_id FROM documents AS T1 JOIN paragraphs AS T2 ON T1.document_id = T2.document_id WHERE T2.paragraph_text = 'Ireland',SELECT document_id FROM Paragraphs WHERE paragraph_text = 'Brazil' INTERSECT SELECT document_id FROM Paragraphs WHERE paragraph_text = 'Ireland'
380,False,hallucinated_table|hallucinated_column|extra_join|wrong_where_operator|wrong_set_op_branch,5,SELECT T1.document_id FROM paragraphs AS T1 JOIN documents AS T2 ON T1.document_id = T2.document_id WHERE T1.paragraph_text LIKE '%Brazil%' INTERSECT SELECT T1.document_id FROM paragraphs AS T1 JOIN documents AS T2 ON T1.document_id = T2.document_id WHERE T1.paragraph_text LIKE '%Ireland%',SELECT document_id FROM Paragraphs WHERE paragraph_text = 'Brazil' INTERSECT SELECT document_id FROM Paragraphs WHERE paragraph_text = 'Ireland'
381,True,,0,SELECT count(*) FROM teacher,SELECT count(*) FROM teacher
382,True,,0,SELECT count(*) FROM teacher,SELECT count(*) FROM teacher
383,True,,0,SELECT name FROM teacher ORDER BY age ASC,SELECT Name FROM teacher ORDER BY Age ASC
384,True,,0,SELECT name FROM teacher ORDER BY age ASC,SELECT Name FROM teacher ORDER BY Age ASC
385,True,,0,"SELECT Age , Hometown FROM teacher","SELECT Age , Hometown FROM teacher"
386,True,,0,"SELECT Age , Hometown FROM teacher","SELECT Age , Hometown FROM teacher"
387,True,,0,SELECT Name FROM teacher WHERE Hometown != 'Little Lever Urban District',"select name from teacher where hometown != ""little lever urban district"""
388,True,,0,"SELECT name FROM teacher WHERE Hometown != ""Little Lever Urban District""","select name from teacher where hometown != ""little lever urban district"""
389,True,,0,SELECT Name FROM teacher WHERE age = 32 OR age = 33,SELECT Name FROM teacher WHERE Age = 32 OR Age = 33
390,True,,0,SELECT name FROM teacher WHERE age = 32 OR age = 33,SELECT Name FROM teacher WHERE Age = 32 OR Age = 33
391,False,hallucinated_table|hallucinated_column|extra_join,3,SELECT T1.Hometown FROM teacher AS T1 JOIN course_arrange AS T2 ON T1.Teacher_ID = T2.Teacher_ID ORDER BY T1.Age LIMIT 1,SELECT Hometown FROM teacher ORDER BY Age ASC LIMIT 1
392,False,hallucinated_table|hallucinated_column|extra_join,3,SELECT T1.Hometown FROM teacher AS T1 JOIN course_arrange AS T2 ON T1.Teacher_ID = T2.Teacher_ID ORDER BY T1.Age LIMIT 1,SELECT Hometown FROM teacher ORDER BY Age ASC LIMIT 1
393,False,hallucinated_table|hallucinated_column|extra_join,3,"SELECT T1.Hometown , COUNT(*) FROM teacher AS T1 JOIN course_arrange AS T2 ON T1.Teacher_ID = T2.Teacher_ID GROUP BY T1.Hometown","SELECT Hometown , COUNT(*) FROM teacher GROUP BY Hometown"
394,False,hallucinated_table|hallucinated_column|extra_join,3,"SELECT count(*) , T1.Hometown FROM teacher AS T1 JOIN course_arrange AS T2 ON T1.Teacher_ID = T2.Teacher_ID GROUP BY T1.Hometown","SELECT Hometown , COUNT(*) FROM teacher GROUP BY Hometown"
395,False,hallucinated_table|hallucinated_column|extra_join,3,SELECT T1.Hometown FROM teacher AS T1 JOIN course_arrange AS T2 ON T1.Teacher_ID = T2.Teacher_ID GROUP BY T1.Hometown ORDER BY COUNT(*) DESC LIMIT 1,SELECT Hometown FROM teacher GROUP BY Hometown ORDER BY COUNT(*) DESC LIMIT 1
396,False,hallucinated_table|hallucinated_column|extra_join|wrong_limit_value,4,SELECT T1.Hometown FROM teacher AS T1 JOIN course_arrange AS T2 ON T1.Teacher_ID = T2.Teacher_ID GROUP BY T1.Hometown ORDER BY COUNT(*) DESC LIMIT 3,SELECT Hometown FROM teacher GROUP BY Hometown ORDER BY COUNT(*) DESC LIMIT 1
397,False,hallucinated_column|extra_join,2,SELECT T1.Hometown FROM teacher AS T1 JOIN teacher AS T2 ON T1.Hometown = T2.Hometown GROUP BY T1.Hometown HAVING COUNT(*) >= 2,SELECT Hometown FROM teacher GROUP BY Hometown HAVING COUNT(*) >= 2
398,False,hallucinated_column|extra_join,2,SELECT T1.Hometown FROM teacher AS T1 JOIN teacher AS T2 ON T1.Hometown = T2.Hometown GROUP BY T1.Hometown HAVING COUNT(*) >= 2,SELECT Hometown FROM teacher GROUP BY Hometown HAVING COUNT(*) >= 2
399,False,missing_table|missing_column|wrong_join_count,3,"SELECT T1.Name , T2.Course FROM teacher AS T1 JOIN course_arrange AS T2 ON T1.Teacher_ID = T2.Teacher_ID","SELECT T3.Name , T2.Course FROM course_arrange AS T1 JOIN course AS T2 ON T1.Course_ID = T2.Course_ID JOIN teacher AS T3 ON T1.Teacher_ID = T3.Teacher_ID"
400,False,missing_table|missing_column|wrong_join_count,3,"SELECT T1.Name , T2.Course FROM teacher AS T1 JOIN course_arrange AS T2 ON T1.Teacher_ID = T2.Teacher_ID","SELECT T3.Name , T2.Course FROM course_arrange AS T1 JOIN course AS T2 ON T1.Course_ID = T2.Course_ID JOIN teacher AS T3 ON T1.Teacher_ID = T3.Teacher_ID"
401,False,missing_table|missing_column|wrong_join_count,3,"SELECT T1.Name , T2.Course FROM teacher AS T1 JOIN course_arrange AS T2 ON T1.Teacher_ID = T2.Teacher_ID ORDER BY T1.Name","SELECT T3.Name , T2.Course FROM course_arrange AS T1 JOIN course AS T2 ON T1.Course_ID = T2.Course_ID JOIN teacher AS T3 ON T1.Teacher_ID = T3.Teacher_ID ORDER BY T3.Name"
402,False,missing_table|missing_column|wrong_join_count,3,"SELECT T1.Name , T2.Course FROM teacher AS T1 JOIN course_arrange AS T2 ON T1.Teacher_ID = T2.Teacher_ID ORDER BY T1.Name","SELECT T3.Name , T2.Course FROM course_arrange AS T1 JOIN course AS T2 ON T1.Course_ID = T2.Course_ID JOIN teacher AS T3 ON T1.Teacher_ID = T3.Teacher_ID ORDER BY T3.Name"
403,True,,0,SELECT T1.Name FROM teacher AS T1 JOIN course_arrange AS T2 ON T1.Teacher_ID = T2.Teacher_ID JOIN course AS T3 ON T2.Course_ID = T3.Course_ID WHERE T3.course = 'math',"SELECT T3.Name FROM course_arrange AS T1 JOIN course AS T2 ON T1.Course_ID = T2.Course_ID JOIN teacher AS T3 ON T1.Teacher_ID = T3.Teacher_ID WHERE T2.Course = ""Math"""
404,False,missing_table|missing_column|wrong_join_count,3,SELECT T1.Name FROM teacher AS T1 JOIN course_arrange AS T2 ON T1.Teacher_ID = T2.Teacher_ID WHERE T2.Course = 'Math',"SELECT T3.Name FROM course_arrange AS T1 JOIN course AS T2 ON T1.Course_ID = T2.Course_ID JOIN teacher AS T3 ON T1.Teacher_ID = T3.Teacher_ID WHERE T2.Course = ""Math"""
405,False,wrong_group_by_column,1,"SELECT T1.Name , COUNT(*) FROM teacher AS T1 JOIN course_arrange AS T2 ON T1.Teacher_ID = T2.Teacher_ID GROUP BY T1.Teacher_ID","SELECT T2.Name , COUNT(*) FROM course_arrange AS T1 JOIN teacher AS T2 ON T1.Teacher_ID = T2.Teacher_ID GROUP BY T2.Name"
406,False,wrong_group_by_column,1,"SELECT T1.Name , COUNT(*) FROM teacher AS T1 JOIN course_arrange AS T2 ON T1.Teacher_ID = T2.Teacher_ID GROUP BY T1.Teacher_ID","SELECT T2.Name , COUNT(*) FROM course_arrange AS T1 JOIN teacher AS T2 ON T1.Teacher_ID = T2.Teacher_ID GROUP BY T2.Name"
407,False,wrong_group_by_column,1,SELECT T1.Name FROM teacher AS T1 JOIN course_arrange AS T2 ON T1.Teacher_ID = T2.Teacher_ID GROUP BY T1.Teacher_ID HAVING count(*) >= 2,SELECT T2.Name FROM course_arrange AS T1 JOIN teacher AS T2 ON T1.Teacher_ID = T2.Teacher_ID GROUP BY T2.Name HAVING COUNT(*) >= 2
408,False,wrong_group_by_column,1,SELECT T1.Name FROM teacher AS T1 JOIN course_arrange AS T2 ON T1.Teacher_ID = T2.Teacher_ID GROUP BY T1.Teacher_ID HAVING count(*) >= 2,SELECT T2.Name FROM course_arrange AS T1 JOIN teacher AS T2 ON T1.Teacher_ID = T2.Teacher_ID GROUP BY T2.Name HAVING COUNT(*) >= 2
409,True,,0,SELECT name FROM teacher WHERE teacher_id NOT IN (SELECT teacher_id FROM course_arrange),SELECT Name FROM teacher WHERE Teacher_id NOT IN (SELECT Teacher_id FROM course_arrange)
410,True,,0,SELECT name FROM teacher WHERE teacher_id NOT IN (SELECT teacher_id FROM course_arrange),SELECT Name FROM teacher WHERE Teacher_id NOT IN (SELECT Teacher_id FROM course_arrange)
411,True,,0,SELECT count(*) FROM VISITOR WHERE AGE < 30,SELECT count(*) FROM visitor WHERE age < 30
412,True,,0,SELECT name FROM VISITOR WHERE LEVEL_OF_MEMBERSHIP > 4 ORDER BY LEVEL_OF_MEMBERSHIP DESC,SELECT name FROM visitor WHERE Level_of_membership > 4 ORDER BY Level_of_membership DESC
413,False,hallucinated_column|extra_join,2,SELECT avg(T1.age) FROM VISITOR AS T1 JOIN VISITOR AS T2 ON T1.id = T2.id WHERE T2.level_of_membership <= 4,SELECT avg(age) FROM visitor WHERE Level_of_membership <= 4
414,False,hallucinated_column|extra_join|missing_where|wrong_order_direction,4,"SELECT T1.Name , T2.Level_of_membership FROM VISITOR AS T1 JOIN Visitor AS T2 ON T1.ID = T2.ID ORDER BY T2.Age ASC","SELECT name , Level_of_membership FROM visitor WHERE Level_of_membership > 4 ORDER BY age DESC"
415,True,,0,"SELECT museum_id , name FROM museum ORDER BY num_of_staff DESC LIMIT 1","SELECT museum_id , name FROM museum ORDER BY num_of_staff DESC LIMIT 1"
416,True,,0,SELECT avg(Num_of_Staff) FROM museum WHERE Open_Year < 2009,SELECT avg(num_of_staff) FROM museum WHERE open_year < 2009
417,True,,0,"SELECT open_year , num_of_staff FROM museum WHERE name = 'Plaza Museum'","SELECT Num_of_Staff , Open_Year FROM museum WHERE name = 'Plaza Museum'"
418,True,,0,SELECT name FROM museum WHERE num_of_staff > (SELECT min(num_of_staff) FROM museum WHERE open_year > 2010),SELECT name FROM museum WHERE num_of_staff > (SELECT min(num_of_staff) FROM museum WHERE open_year > 2010)
419,True,,0,"SELECT T1.ID , T1.Name , T1.Age FROM VISITOR AS T1 JOIN VISIT AS T2 ON T1.ID = T2.visitor_id GROUP BY T1.ID HAVING COUNT(*) > 1","SELECT t1.id , t1.name , t1.age FROM visitor AS t1 JOIN visit AS t2 ON t1.id = t2.visitor_id GROUP BY t1.id HAVING count(*) > 1"
420,False,wrong_select_column|missing_select_column|wrong_group_by_column,3,"SELECT T1.id , T1.name , T2.level_of_membership FROM VISITOR AS T1 JOIN VISIT AS T2 ON T1.ID = T2.visitor_id GROUP BY T1.id ORDER BY sum(T2.total_spent) DESC LIMIT 1","SELECT t2.visitor_id , t1.name , t1.Level_of_membership FROM visitor AS t1 JOIN visit AS t2 ON t1.id = t2.visitor_id GROUP BY t2.visitor_id ORDER BY sum(t2.Total_spent) DESC LIMIT 1"
421,True,,0,"SELECT T1.Museum_ID , T2.Name FROM VISIT AS T1 JOIN MUSEUM AS T2 ON T1.Museum_ID = T2.Museum_ID GROUP BY T1.Museum_ID ORDER BY COUNT(*) DESC LIMIT 1","SELECT t2.Museum_ID , t1.name FROM museum AS t1 JOIN visit AS t2 ON t1.Museum_ID = t2.Museum_ID GROUP BY t2.Museum_ID ORDER BY count(*) DESC LIMIT 1"
422,True,,0,SELECT name FROM museum WHERE museum_id NOT IN (SELECT museum_id FROM VISIT),SELECT name FROM museum WHERE Museum_ID NOT IN (SELECT museum_id FROM visit)
423,False,extra_aggregation|extra_group_by,2,"SELECT T1.Name , T2.Age FROM VISITOR AS T1 JOIN VISIT AS T2 ON T1.ID = T2.visitor_ID GROUP BY T1.ID ORDER BY SUM(T2.Num_of_Ticket) DESC LIMIT 1","SELECT t1.name , t1.age FROM visitor AS t1 JOIN visit AS t2 ON t1.id = t2.visitor_id ORDER BY t2.num_of_ticket DESC LIMIT 1"
424,True,,0,"SELECT avg(Num_of_Ticket) , max(Num_of_Ticket) FROM VISIT","SELECT avg(num_of_ticket) , max(num_of_ticket) FROM visit"
425,True,,0,SELECT sum(T2.Total_spent) FROM VISITOR AS T1 JOIN VISIT AS T2 ON T1.ID = T2.visitor_ID WHERE T1.Level_of_membership = 1,SELECT sum(t2.Total_spent) FROM visitor AS t1 JOIN visit AS t2 ON t1.id = t2.visitor_id WHERE t1.Level_of_membership = 1
426,False,wrong_set_op_branch,1,SELECT T3.Name FROM VISITOR AS T1 JOIN VISIT AS T2 ON T1.ID = T2.visitor_ID JOIN MUSEUM AS T3 ON T2.Museum_ID = T3.Museum_ID WHERE T3.Open_Year < 2009 INTERSECT SELECT T3.Name FROM VISITOR AS T1 JOIN VISIT AS T2 ON T1.ID = T2.visitor_ID JOIN MUSEUM AS T3 ON T2.Museum_ID = T3.Museum_ID WHERE T3.Open_Year > 2011,SELECT t1.name FROM visitor AS t1 JOIN visit AS t2 ON t1.id = t2.visitor_id JOIN museum AS t3 ON t3.Museum_ID = t2.Museum_ID WHERE t3.open_year < 2009 INTERSECT SELECT t1.name FROM visitor AS t1 JOIN visit AS t2 ON t1.id = t2.visitor_id JOIN museum AS t3 ON t3.Museum_ID = t2.Museum_ID WHERE t3.open_year > 2011
427,False,hallucinated_column|missing_column,2,SELECT count(*) FROM VISITOR WHERE id NOT IN (SELECT T1.id FROM VISITOR AS T1 JOIN VISIT AS T2 ON T1.id = T2.visitor_id WHERE T2.Museum_id > 2010),SELECT count(*) FROM visitor WHERE id NOT IN (SELECT t2.visitor_id FROM museum AS t1 JOIN visit AS t2 ON t1.Museum_ID = t2.Museum_ID WHERE t1.open_year > 2010)
428,True,,0,SELECT count(*) FROM museum WHERE open_year > 2013 OR open_year < 2008,SELECT count(*) FROM museum WHERE open_year > 2013 OR open_year < 2008
429,True,,0,SELECT count(*) FROM players,SELECT count(*) FROM players
430,True,,0,SELECT count(*) FROM players,SELECT count(*) FROM players
431,True,,0,SELECT count(*) FROM matches,SELECT count(*) FROM matches
432,True,,0,SELECT count(*) FROM matches,SELECT count(*) FROM matches
433,True,,0,"SELECT first_name , birth_date FROM players WHERE country_code = 'USA'","SELECT first_name , birth_date FROM players WHERE country_code = 'USA'"
434,True,,0,"SELECT first_name , birth_date FROM players WHERE country_code = 'USA'","SELECT first_name , birth_date FROM players WHERE country_code = 'USA'"
435,True,,0,"SELECT avg(loser_age) , avg(winner_age) FROM matches","SELECT avg(loser_age) , avg(winner_age) FROM matches"
436,True,,0,"SELECT avg(loser_age) , avg(winner_age) FROM matches","SELECT avg(loser_age) , avg(winner_age) FROM matches"
437,False,hallucinated_table|hallucinated_column|wrong_select_column|missing_select_column|extra_join,5,SELECT avg(T1.ranking) FROM rankings AS T1 JOIN matches AS T2 ON T1.player_id = T2.winner_id,SELECT avg(winner_rank) FROM matches
438,False,hallucinated_table|hallucinated_column|wrong_select_column|missing_select_column|extra_join,5,SELECT avg(T1.ranking) FROM rankings AS T1 JOIN matches AS T2 ON T1.player_id = T2.winner_id,SELECT avg(winner_rank) FROM matches
439,False,hallucinated_table|hallucinated_column|wrong_select_column|missing_select_column|extra_join|wrong_aggregation,6,SELECT max(T1.ranking) FROM rankings AS T1 JOIN matches AS T2 ON T1.player_id = T2.loser_id,SELECT min(loser_rank) FROM matches
440,False,hallucinated_table|hallucinated_column|wrong_select_column|missing_select_column|extra_join|wrong_aggregation,6,SELECT max(T1.ranking) FROM rankings AS T1 JOIN matches AS T2 ON T1.player_id = T2.loser_id,SELECT min(loser_rank) FROM matches
441,True,,0,SELECT count(DISTINCT country_code) FROM players,SELECT count(DISTINCT country_code) FROM players
442,True,,0,SELECT count(DISTINCT country_code) FROM players,SELECT count(DISTINCT country_code) FROM players
443,False,hallucinated_table|hallucinated_column|wrong_select_column|missing_select_column|extra_join,5,SELECT count(DISTINCT T1.loser_name) FROM matches AS T1 JOIN players AS T2 ON T1.loser_id = T2.player_id,SELECT count(DISTINCT loser_name) FROM matches
444,True,,0,SELECT count(DISTINCT loser_name) FROM matches,SELECT count(DISTINCT loser_name) FROM matches
445,False,hallucinated_table|hallucinated_column|extra_join,3,SELECT T2.tourney_name FROM matches AS T1 JOIN tournaments AS T2 ON T1.tourney_id = T2.tourney_id GROUP BY T2.tourney_name HAVING COUNT(*) > 10,SELECT tourney_name FROM matches GROUP BY tourney_name HAVING count(*) > 10
446,False,hallucinated_table|hallucinated_column|extra_join|extra_distinct,4,SELECT DISTINCT T2.tourney_name FROM matches AS T1 JOIN tournaments AS T2 ON T1.tourney_id = T2.tourney_id GROUP BY T2.tourney_name HAVING COUNT(*) > 10,SELECT tourney_name FROM matches GROUP BY tourney_name HAVING count(*) > 10
447,False,hallucinated_table|hallucinated_column|extra_join|wrong_set_op_branch,4,SELECT T1.winner_name FROM MATCHES AS T1 JOIN players AS T2 ON T1.winner_id = T2.player_id WHERE YEAR = 2013 INTERSECT SELECT T1.winner_name FROM MATCHES AS T1 JOIN players AS T2 ON T1.winner_id = T2.player_id WHERE YEAR = 2016,SELECT winner_name FROM matches WHERE YEAR = 2013 INTERSECT SELECT winner_name FROM matches WHERE YEAR = 2016
448,False,hallucinated_table|hallucinated_column|wrong_select_column|missing_select_column|extra_join|wrong_set_op_branch,6,"SELECT T1.first_name , T1.last_name FROM players AS T1 JOIN matches AS T2 ON T1.player_id = T2.winner_id WHERE YEAR = 2013 INTERSECT SELECT T1.first_name , T1.last_name FROM players AS T1 JOIN matches AS T2 ON T1.player_id = T2.winner_id WHERE YEAR = 2016",SELECT winner_name FROM matches WHERE YEAR = 2013 INTERSECT SELECT winner_name FROM matches WHERE YEAR = 2016
449,True,,0,SELECT count(*) FROM matches WHERE YEAR = 2013 OR YEAR = 2016,SELECT count(*) FROM matches WHERE YEAR = 2013 OR YEAR = 2016
450,True,,0,SELECT count(*) FROM matches WHERE YEAR = 2013 OR YEAR = 2016,SELECT count(*) FROM matches WHERE YEAR = 2013 OR YEAR = 2016
451,True,,0,"SELECT T1.country_code , T1.first_name FROM players AS T1 JOIN matches AS T2 ON T1.player_id = T2.winner_id WHERE T2.tourney_name = 'WTA Championships' INTERSECT SELECT T1.country_code , T1.first_name FROM players AS T1 JOIN matches AS T2 ON T1.player_id = T2.winner_id WHERE T2.tourney_name = 'Australian Open'","SELECT T1.country_code , T1.first_name FROM players AS T1 JOIN matches AS T2 ON T1.player_id = T2.winner_id WHERE T2.tourney_name = 'WTA Championships' INTERSECT SELECT T1.country_code , T1.first_name FROM players AS T1 JOIN matches AS T2 ON T1.player_id = T2.winner_id WHERE T2.tourney_name = 'Australian Open'"
452,False,wrong_set_op_branch,1,"SELECT T1.first_name , T1.country_code FROM players AS T1 JOIN matches AS T2 ON T1.player_id = T2.winner_id WHERE T2.tourney_name = 'Australian Open' INTERSECT SELECT T1.first_name , T1.country_code FROM players AS T1 JOIN matches AS T2 ON T1.player_id = T2.winner_id WHERE T2.tourney_name = 'WTA Championships'","SELECT T1.country_code , T1.first_name FROM players AS T1 JOIN matches AS T2 ON T1.player_id = T2.winner_id WHERE T2.tourney_name = 'WTA Championships' INTERSECT SELECT T1.country_code , T1.first_name FROM players AS T1 JOIN matches AS T2 ON T1.player_id = T2.winner_id WHERE T2.tourney_name = 'Australian Open'"
453,False,wrong_order_direction,1,"SELECT first_name , country_code FROM players ORDER BY birth_date DESC LIMIT 1","SELECT first_name , country_code FROM players ORDER BY birth_date LIMIT 1"
454,False,wrong_order_direction,1,"SELECT first_name , country_code FROM players ORDER BY birth_date DESC LIMIT 1","SELECT first_name , country_code FROM players ORDER BY birth_date LIMIT 1"
455,True,,0,"SELECT first_name , last_name FROM players ORDER BY birth_date","SELECT first_name , last_name FROM players ORDER BY birth_date"
456,True,,0,"SELECT first_name , last_name FROM players ORDER BY birth_date","SELECT first_name , last_name FROM players ORDER BY birth_date"
457,True,,0,"SELECT first_name , last_name FROM players WHERE hand = 'L' ORDER BY birth_date","SELECT first_name , last_name FROM players WHERE hand = 'L' ORDER BY birth_date"
458,True,,0,"SELECT first_name , last_name FROM players WHERE hand = 'left' ORDER BY birth_date","SELECT first_name , last_name FROM players WHERE hand = 'L' ORDER BY birth_date"
459,False,missing_column|extra_aggregation|extra_group_by|wrong_order_by_column,4,"SELECT T1.first_name , T1.country_code FROM players AS T1 JOIN rankings AS T2 ON T1.player_id = T2.player_id GROUP BY T1.player_id ORDER BY COUNT(*) DESC LIMIT 1","SELECT T1.country_code , T1.first_name FROM players AS T1 JOIN rankings AS T2 ON T1.player_id = T2.player_id ORDER BY T2.tours DESC LIMIT 1"
460,False,missing_column|extra_aggregation|extra_group_by|wrong_order_by_column,4,"SELECT T1.first_name , T1.country_code FROM players AS T1 JOIN rankings AS T2 ON T1.player_id = T2.player_id GROUP BY T1.player_id ORDER BY COUNT(*) DESC LIMIT 1","SELECT T1.country_code , T1.first_name FROM players AS T1 JOIN rankings AS T2 ON T1.player_id = T2.player_id ORDER BY T2.tours DESC LIMIT 1"
461,True,,0,SELECT YEAR FROM matches GROUP BY YEAR ORDER BY COUNT(*) DESC LIMIT 1,SELECT YEAR FROM matches GROUP BY YEAR ORDER BY count(*) DESC LIMIT 1
462,True,,0,SELECT YEAR FROM matches GROUP BY YEAR ORDER BY COUNT(*) DESC LIMIT 1,SELECT YEAR FROM matches GROUP BY YEAR ORDER BY count(*) DESC LIMIT 1
463,False,hallucinated_table|hallucinated_column|wrong_select_column|missing_select_column|extra_join|missing_group_by,6,"SELECT T1.winner_name , T2.ranking_points FROM MATCHES AS T1 JOIN rankings AS T2 ON T1.winner_id = T2.player_id ORDER BY COUNT(*) DESC LIMIT 1","SELECT winner_name , winner_rank_points FROM matches GROUP BY winner_name ORDER BY count(*) DESC LIMIT 1"
464,False,hallucinated_table|hallucinated_column|wrong_select_column|missing_select_column|extra_join|missing_group_by,6,"SELECT T1.winner_name , T2.ranking_points FROM MATCHES AS T1 JOIN rankings AS T2 ON T1.winner_id = T2.player_id ORDER BY COUNT(*) DESC LIMIT 1","SELECT winner_name , winner_rank_points FROM matches GROUP BY winner_name ORDER BY count(*) DESC LIMIT 1"
465,False,hallucinated_table|hallucinated_column|extra_join|wrong_order_by_column,4,"SELECT T1.winner_name FROM MATCHES AS T2 JOIN players AS T1 ON T2.winner_id = T1.player_id WHERE T2.tourney_name = ""Australian Open"" ORDER BY T1.ranking_points DESC LIMIT 1",SELECT winner_name FROM matches WHERE tourney_name = 'Australian Open' ORDER BY winner_rank_points DESC LIMIT 1
466,False,hallucinated_table|hallucinated_column|extra_join|wrong_order_by_column,4,"SELECT T1.winner_name FROM MATCHES AS T2 JOIN players AS T1 ON T2.winner_id = T1.player_id WHERE T2.tourney_name = ""Australian Open"" ORDER BY T1.ranking_points DESC LIMIT 1",SELECT winner_name FROM matches WHERE tourney_name = 'Australian Open' ORDER BY winner_rank_points DESC LIMIT 1
467,False,hallucinated_table|hallucinated_column|extra_join,3,"SELECT T1.loser_name , T2.winner_name FROM matches AS T1 JOIN players AS T2 ON T1.loser_id = T2.player_id ORDER BY T1.minutes DESC LIMIT 1","SELECT winner_name , loser_name FROM matches ORDER BY minutes DESC LIMIT 1"
468,False,hallucinated_table|hallucinated_column|extra_join|wrong_order_by_column,4,"SELECT T1.winner_name , T2.loser_name FROM MATCHES AS T1 JOIN players AS T2 ON T1.winner_id = T2.player_id ORDER BY T1.match_num DESC LIMIT 1","SELECT winner_name , loser_name FROM matches ORDER BY minutes DESC LIMIT 1"
469,False,wrong_group_by_column,1,"SELECT avg(ranking) , T1.first_name FROM rankings AS T1 JOIN players AS T2 ON T1.player_id = T2.player_id GROUP BY T1.player_id","SELECT avg(ranking) , T1.first_name FROM players AS T1 JOIN rankings AS T2 ON T1.player_id = T2.player_id GROUP BY T1.first_name"
470,False,hallucinated_column,1,"SELECT T1.first_name , avg(T2.ranking) FROM players AS T1 JOIN rankings AS T2 ON T1.player_id = T2.player_id GROUP BY T1.first_name","SELECT avg(ranking) , T1.first_name FROM players AS T1 JOIN rankings AS T2 ON T1.player_id = T2.player_id GROUP BY T1.first_name"
471,False,wrong_group_by_column,1,"SELECT sum(ranking_points) , T1.first_name FROM players AS T1 JOIN rankings AS T2 ON T1.player_id = T2.player_id GROUP BY T1.player_id","SELECT sum(ranking_points) , T1.first_name FROM players AS T1 JOIN rankings AS T2 ON T1.player_id = T2.player_id GROUP BY T1.first_name"
472,False,hallucinated_column,1,"SELECT T1.first_name , SUM(T2.ranking_points) FROM players AS T1 JOIN rankings AS T2 ON T1.player_id = T2.player_id GROUP BY T1.first_name","SELECT sum(ranking_points) , T1.first_name FROM players AS T1 JOIN rankings AS T2 ON T1.player_id = T2.player_id GROUP BY T1.first_name"
473,True,,0,"SELECT count(*) , country_code FROM players GROUP BY country_code","SELECT count(*) , country_code FROM players GROUP BY country_code"
474,True,,0,"SELECT count(*) , country_code FROM players GROUP BY country_code","SELECT count(*) , country_code FROM players GROUP BY country_code"
475,True,,0,SELECT country_code FROM players GROUP BY country_code ORDER BY count(*) DESC LIMIT 1,SELECT country_code FROM players GROUP BY country_code ORDER BY count(*) DESC LIMIT 1
476,True,,0,SELECT country_code FROM players GROUP BY country_code ORDER BY count(*) DESC LIMIT 1,SELECT country_code FROM players GROUP BY country_code ORDER BY count(*) DESC LIMIT 1
477,True,,0,SELECT country_code FROM players GROUP BY country_code HAVING count(*) > 50,SELECT country_code FROM players GROUP BY country_code HAVING count(*) > 50
478,True,,0,SELECT country_code FROM players GROUP BY country_code HAVING count(*) > 50,SELECT country_code FROM players GROUP BY country_code HAVING count(*) > 50
479,False,missing_table|hallucinated_table|wrong_select_column|missing_select_column|wrong_aggregation,5,"SELECT count(*) , ranking_date FROM MATCHES GROUP BY ranking_date","SELECT sum(tours) , ranking_date FROM rankings GROUP BY ranking_date"
480,False,wrong_select_column|missing_select_column|wrong_aggregation,3,"SELECT count(*) , ranking_date FROM rankings GROUP BY ranking_date","SELECT sum(tours) , ranking_date FROM rankings GROUP BY ranking_date"
481,True,,0,"SELECT count(*) , YEAR FROM matches GROUP BY YEAR","SELECT count(*) , YEAR FROM matches GROUP BY YEAR"
482,True,,0,"SELECT count(*) , YEAR FROM matches GROUP BY YEAR","SELECT count(*) , YEAR FROM matches GROUP BY YEAR"
483,False,hallucinated_table|hallucinated_column|wrong_select_column|missing_select_column|extra_join|missing_distinct|wrong_order_by_column,7,"SELECT T1.winner_name , T2.ranking FROM players AS T1 JOIN MATCHES AS T2 ON T1.player_id = T2.winner_id ORDER BY T1.birth_date LIMIT 3","SELECT DISTINCT winner_name , winner_rank FROM matches ORDER BY winner_age LIMIT 3"
484,False,hallucinated_table|hallucinated_column|wrong_select_column|missing_select_column|extra_join|missing_distinct,6,"SELECT T1.winner_name , T2.ranking FROM players AS T1 JOIN MATCHES AS T2 ON T1.player_id = T2.winner_id ORDER BY T2.winner_age LIMIT 3","SELECT DISTINCT winner_name , winner_rank FROM matches ORDER BY winner_age LIMIT 3"
485,False,hallucinated_table|hallucinated_column|wrong_select_column|missing_select_column|extra_join,5,SELECT COUNT(DISTINCT T1.winner_name) FROM MATCHES AS T1 JOIN players AS T2 ON T1.winner_id = T2.player_id WHERE T2.hand = 'L' AND T1.tourney_name = 'WTA Championships',SELECT count(DISTINCT winner_name) FROM matches WHERE tourney_name = 'WTA Championships' AND winner_hand = 'L'
486,False,hallucinated_table|hallucinated_column|wrong_select_column|missing_select_column|extra_join,5,"SELECT COUNT ( DISTINCT t1.winner_id ) FROM players AS t1 JOIN matches AS t2 ON t1.player_id = t2.winner_id WHERE t1.hand = ""left"" AND t2.tourney_name = ""WTA Championships""",SELECT count(DISTINCT winner_name) FROM matches WHERE tourney_name = 'WTA Championships' AND winner_hand = 'L'
487,False,hallucinated_column|missing_column|wrong_order_by_column,3,"SELECT T1.first_name , T1.country_code , T1.birth_date FROM players AS T1 JOIN MATCHES AS T2 ON T1.player_id = T2.winner_id ORDER BY T2.tourney_id DESC LIMIT 1","SELECT T1.first_name , T1.country_code , T1.birth_date FROM players AS T1 JOIN matches AS T2 ON T1.player_id = T2.winner_id ORDER BY T2.winner_rank_points DESC LIMIT 1"
488,False,extra_aggregation|extra_group_by,2,"SELECT T1.first_name , T1.country_code , T1.birth_date FROM players AS T1 JOIN matches AS T2 ON T1.player_id = T2.winner_id GROUP BY T1.player_id ORDER BY SUM(T2.winner_rank_points) DESC LIMIT 1","SELECT T1.first_name , T1.country_code , T1.birth_date FROM players AS T1 JOIN matches AS T2 ON T1.player_id = T2.winner_id ORDER BY T2.winner_rank_points DESC LIMIT 1"
489,True,,0,"SELECT count(*) , hand FROM players GROUP BY hand","SELECT count(*) , hand FROM players GROUP BY hand"
490,True,,0,"SELECT count(*) , hand FROM players GROUP BY hand","SELECT count(*) , hand FROM players GROUP BY hand"
491,True,,0,"SELECT COUNT(*) FROM ship WHERE disposition_of_ship = ""Captured""",SELECT count(*) FROM ship WHERE disposition_of_ship = 'Captured'
492,True,,0,"SELECT name , tonnage FROM ship ORDER BY name DESC","SELECT name , tonnage FROM ship ORDER BY name DESC"
493,False,wrong_select_column,1,"SELECT name , date , result FROM battle","SELECT name , date FROM battle"
494,False,extra_group_by,1,"SELECT max(killed) , min(killed) FROM death GROUP BY caused_by_ship_id","SELECT max(killed) , min(killed) FROM death"
495,False,missing_table|hallucinated_table|extra_group_by,3,"SELECT avg(injured) , date FROM battle GROUP BY date",SELECT avg(injured) FROM death
496,False,hallucinated_column|wrong_select_column,2,"SELECT T1.note , T2.killed , T2.injured FROM death AS T1 JOIN ship AS T2 ON T1.caused_by_ship_id = T2.id WHERE T2.tonnage = 't'","SELECT T1.killed , T1.injured FROM death AS T1 JOIN ship AS t2 ON T1.caused_by_ship_id = T2.id WHERE T2.tonnage = 't'"
497,True,,0,"SELECT name , result FROM battle WHERE bulgarian_commander != 'Boril'","SELECT name , RESULT FROM battle WHERE bulgarian_commander != 'Boril'"
498,True,,0,"SELECT DISTINCT T1.id , T1.name FROM battle AS T1 JOIN ship AS T2 ON T1.id = T2.lost_in_battle WHERE T2.ship_type = 'Brig'","SELECT DISTINCT T1.id , T1.name FROM battle AS T1 JOIN ship AS T2 ON T1.id = T2.lost_in_battle WHERE T2.ship_type = 'Brig'"
499,False,missing_table|hallucinated_column|missing_column|wrong_join_count|extra_where,5,"SELECT T2.id , T2.name FROM battle AS T1 JOIN ship AS T2 ON T1.id = T2.lost_in_battle WHERE T1.result = 'win' GROUP BY T1.id HAVING sum(T2.killed) > 10","SELECT T1.id , T1.name FROM battle AS T1 JOIN ship AS T2 ON T1.id = T2.lost_in_battle JOIN death AS T3 ON T2.id = T3.caused_by_ship_id GROUP BY T1.id HAVING sum(T3.killed) > 10"
500,False,hallucinated_column|wrong_aggregation|wrong_order_by_column,3,"SELECT T1.id , T1.name FROM ship AS T1 JOIN death AS T2 ON T1.id = T2.caused_by_ship_id GROUP BY T1.id ORDER BY sum(T2.injured) DESC LIMIT 1","SELECT T2.id , T2.name FROM death AS T1 JOIN ship AS t2 ON T1.caused_by_ship_id = T2.id GROUP BY T2.id ORDER BY count(*) DESC LIMIT 1"
501,False,wrong_select_column|missing_select_column|extra_distinct,3,"SELECT DISTINCT name FROM battle WHERE bulgarian_commander = ""Kaloyan"" AND latin_commander = ""Baldwin I""",SELECT name FROM battle WHERE bulgarian_commander = 'Kaloyan' AND latin_commander = 'Baldwin I'
502,True,,0,SELECT count(DISTINCT result) FROM battle,SELECT count(DISTINCT RESULT) FROM battle
503,True,,0,SELECT count(*) FROM battle WHERE id NOT IN ( SELECT lost_in_battle FROM ship WHERE tonnage = 225 ),SELECT count(*) FROM battle WHERE id NOT IN ( SELECT lost_in_battle FROM ship WHERE tonnage = '225' )
504,True,,0,"SELECT T1.name , T1.date FROM battle AS T1 JOIN ship AS T2 ON T1.id = T2.lost_in_battle WHERE T2.name = 'Lettice' INTERSECT SELECT T1.name , T1.date FROM battle AS T1 JOIN ship AS T2 ON T1.id = T2.lost_in_battle WHERE T2.name = 'HMS Atalanta'","SELECT T1.name , T1.date FROM battle AS T1 JOIN ship AS T2 ON T1.id = T2.lost_in_battle WHERE T2.name = 'Lettice' INTERSECT SELECT T1.name , T1.date FROM battle AS T1 JOIN ship AS T2 ON T1.id = T2.lost_in_battle WHERE T2.name = 'HMS Atalanta'"
505,False,missing_set_operation|wrong_set_op_branch|missing_subquery,3,"SELECT T1.name , T1.result , T1.bulgarian_commander FROM battle AS T1 JOIN ship AS T2 ON T1.id = T2.lost_in_battle WHERE T2.location != 'English Channel'","SELECT name , RESULT , bulgarian_commander FROM battle EXCEPT SELECT T1.name , T1.result , T1.bulgarian_commander FROM battle AS T1 JOIN ship AS T2 ON T1.id = T2.lost_in_battle WHERE T2.location = 'English Channel'"
506,True,,0,SELECT note FROM death WHERE note LIKE '%East%',SELECT note FROM death WHERE note LIKE '%East%'
507,True,,0,"SELECT line_1 , line_2 FROM Addresses","SELECT line_1 , line_2 FROM addresses"
508,True,,0,"SELECT line_1 , line_2 FROM Addresses","SELECT line_1 , line_2 FROM addresses"
509,True,,0,SELECT count(*) FROM courses,SELECT count(*) FROM Courses
510,True,,0,SELECT count(*) FROM Courses,SELECT count(*) FROM Courses
511,True,,0,"SELECT course_description FROM courses WHERE course_name = ""math""",SELECT course_description FROM Courses WHERE course_name = 'math'
512,False,hallucinated_table|hallucinated_column|extra_join,3,"SELECT T1.course_description FROM Courses AS T1 JOIN Sections AS T2 ON T1.course_id = T2.course_id WHERE T1.course_name = ""Math""",SELECT course_description FROM Courses WHERE course_name = 'math'
513,False,hallucinated_table|hallucinated_column|extra_join,3,"SELECT T1.zip_postcode FROM addresses AS T1 JOIN students AS T2 ON T1.address_id = T2.current_address_id WHERE T2.city = ""Port Chelsea""",SELECT zip_postcode FROM Addresses WHERE city = 'Port Chelsea'
514,True,,0,"SELECT zip_postcode FROM addresses WHERE city = ""Port Chelsea""",SELECT zip_postcode FROM Addresses WHERE city = 'Port Chelsea'
515,True,,0,"SELECT T1.department_name , T1.department_id FROM DEPARTMENTS AS T1 JOIN Degree_Programs AS T2 ON T1.department_id = T2.department_id GROUP BY T1.department_id ORDER BY count(*) DESC LIMIT 1","SELECT T2.department_name , T1.department_id FROM Degree_Programs AS T1 JOIN Departments AS T2 ON T1.department_id = T2.department_id GROUP BY T1.department_id ORDER BY count(*) DESC LIMIT 1"
516,True,,0,"SELECT T1.department_name , T1.department_id FROM DEPARTMENTS AS T1 JOIN Degree_Programs AS T2 ON T1.department_id = T2.department_id GROUP BY T1.department_id ORDER BY count(*) DESC LIMIT 1","select t2.department_name , t1.department_id from degree_programs as t1 join departments as t2 on t1.department_id = t2.department_id group by t1.department_id order by count(*) desc limit 1"
517,False,missing_table|hallucinated_table|wrong_select_column|missing_select_column|extra_where|extra_subquery,6,SELECT count(*) FROM DEPARTMENTS WHERE department_id IN ( SELECT department_id FROM Degree_Programs ),SELECT count(DISTINCT department_id) FROM Degree_Programs
518,True,,0,SELECT count(DISTINCT department_id) FROM DEGREE_PROGRAMS,SELECT count(DISTINCT department_id) FROM Degree_Programs
519,False,hallucinated_table|hallucinated_column|wrong_select_column|missing_select_column|extra_join,5,SELECT count(DISTINCT T1.degree_summary_name) FROM DEGREE_PROGRAMS AS T1 JOIN DEPARTMENTS AS T2 ON T1.department_id = T2.department_id,SELECT count(DISTINCT degree_summary_name) FROM Degree_Programs
520,True,,0,SELECT count(DISTINCT degree_summary_name) FROM DEGREE_PROGRAMS,SELECT count(DISTINCT degree_summary_name) FROM Degree_Programs
521,True,,0,SELECT count(*) FROM DEGREE_PROGRAMS AS T1 JOIN DEPARTMENTS AS T2 ON T1.department_id = T2.department_id WHERE T2.department_name = 'Engineering',SELECT count(*) FROM Departments AS T1 JOIN Degree_Programs AS T2 ON T1.department_id = T2.department_id WHERE T1.department_name = 'engineer'
522,True,,0,SELECT count(*) FROM DEGREE_PROGRAMS AS T1 JOIN DEPARTMENTS AS T2 ON T1.department_id = T2.department_id WHERE T2.department_name = 'Engineering',SELECT count(*) FROM Departments AS T1 JOIN Degree_Programs AS T2 ON T1.department_id = T2.department_id WHERE T1.department_name = 'engineer'
523,True,,0,"SELECT section_name , section_description FROM SECTIONS","SELECT section_name , section_description FROM Sections"
524,True,,0,"SELECT section_name , section_description FROM SECTIONS","SELECT section_name , section_description FROM Sections"
525,True,,0,"SELECT T1.course_name , T1.course_id FROM COURSES AS T1 JOIN SECTIONS AS T2 ON T1.course_id = T2.course_id GROUP BY T1.course_id HAVING count(*) <= 2","SELECT T1.course_name , T1.course_id FROM Courses AS T1 JOIN Sections AS T2 ON T1.course_id = T2.course_id GROUP BY T1.course_id HAVING count(*) <= 2"
526,True,,0,"SELECT T1.course_id , T1.course_name FROM courses AS T1 JOIN sections AS T2 ON T1.course_id = T2.course_id GROUP BY T1.course_id HAVING count(*) < 2","SELECT T1.course_name , T1.course_id FROM Courses AS T1 JOIN Sections AS T2 ON T1.course_id = T2.course_id GROUP BY T1.course_id HAVING count(*) <= 2"
527,True,,0,SELECT section_name FROM sections ORDER BY section_name DESC,SELECT section_name FROM Sections ORDER BY section_name DESC
528,True,,0,SELECT section_name FROM SECTIONS ORDER BY section_name DESC,SELECT section_name FROM Sections ORDER BY section_name DESC
529,True,,0,"SELECT T1.semester_name , T1.semester_id FROM SEMesters AS T1 JOIN Student_Enrolment AS T2 ON T1.semester_id = T2.semester_id GROUP BY T1.semester_id ORDER BY count(*) DESC LIMIT 1","SELECT T1.semester_name , T1.semester_id FROM Semesters AS T1 JOIN Student_Enrolment AS T2 ON T1.semester_id = T2.semester_id GROUP BY T1.semester_id ORDER BY count(*) DESC LIMIT 1"
530,True,,0,"SELECT T1.semester_name , T1.semester_id FROM SEMesters AS T1 JOIN Student_Enrolment AS T2 ON T1.semester_id = T2.semester_id GROUP BY T1.semester_id ORDER BY count(*) DESC LIMIT 1","SELECT T1.semester_name , T1.semester_id FROM Semesters AS T1 JOIN Student_Enrolment AS T2 ON T1.semester_id = T2.semester_id GROUP BY T1.semester_id ORDER BY count(*) DESC LIMIT 1"
531,True,,0,SELECT department_description FROM departments WHERE department_name LIKE '%the computer%',SELECT department_description FROM Departments WHERE department_name LIKE '%computer%'
532,True,,0,SELECT department_description FROM departments WHERE department_name LIKE '%computer%',SELECT department_description FROM Departments WHERE department_name LIKE '%computer%'
533,False,hallucinated_column|extra_where,2,"SELECT T1.first_name , T1.middle_name , T1.last_name , T1.student_id FROM students AS T1 JOIN student_enrolment AS T2 ON T1.student_id = T2.student_id WHERE T2.semester_id = 1 GROUP BY T1.student_id HAVING count(*) = 2","SELECT T1.first_name , T1.middle_name , T1.last_name , T1.student_id FROM Students AS T1 JOIN Student_Enrolment AS T2 ON T1.student_id = T2.student_id GROUP BY T1.student_id HAVING count(*) = 2"
534,False,hallucinated_table|hallucinated_column|wrong_join_count|extra_where,4,"SELECT T1.first_name , T1.middle_name , T1.last_name , T1.student_id FROM Students AS T1 JOIN Student_Enrolment AS T2 ON T1.student_id = T2.student_id JOIN Degree_Programs AS T3 ON T2.degree_program_id = T3.degree_program_id WHERE T2.semester_id = 1 GROUP BY T1.student_id HAVING count(*) = 2","SELECT T1.first_name , T1.middle_name , T1.last_name , T1.student_id FROM Students AS T1 JOIN Student_Enrolment AS T2 ON T1.student_id = T2.student_id GROUP BY T1.student_id HAVING count(*) = 2"
535,False,missing_table|missing_column|wrong_join_count|missing_distinct,4,"SELECT T1.first_name , T1.middle_name , T1.last_name FROM students AS T1 JOIN degree_programs AS T2 ON T1.degree_program_id = T2.degree_program_id WHERE T2.degree_summary_name = 'Bachelor'","SELECT DISTINCT T1.first_name , T1.middle_name , T1.last_name FROM Students AS T1 JOIN Student_Enrolment AS T2 ON T1.student_id = T2.student_id JOIN Degree_Programs AS T3 ON T2.degree_program_id = T3.degree_program_id WHERE T3.degree_summary_name = 'Bachelor'"
536,False,missing_distinct,1,"SELECT T1.first_name , T1.middle_name , T1.last_name FROM students AS T1 JOIN student_enrolment AS T2 ON T1.student_id = T2.student_id JOIN degree_programs AS T3 ON T2.degree_program_id = T3.degree_program_id WHERE T3.degree_summary_name = 'Bachelors'","SELECT DISTINCT T1.first_name , T1.middle_name , T1.last_name FROM Students AS T1 JOIN Student_Enrolment AS T2 ON T1.student_id = T2.student_id JOIN Degree_Programs AS T3 ON T2.degree_program_id = T3.degree_program_id WHERE T3.degree_summary_name = 'Bachelor'"
537,True,,0,SELECT T1.degree_summary_name FROM DEGREE_PROGRAMS AS T1 JOIN STUDENT_ENROLMENT AS T2 ON T1.degree_program_id = T2.degree_program_id GROUP BY T1.degree_summary_name ORDER BY count(*) DESC LIMIT 1,SELECT T1.degree_summary_name FROM Degree_Programs AS T1 JOIN Student_Enrolment AS T2 ON T1.degree_program_id = T2.degree_program_id GROUP BY T1.degree_summary_name ORDER BY count(*) DESC LIMIT 1
538,True,,0,SELECT T1.degree_summary_name FROM DEGREE_PROGRAMS AS T1 JOIN STUDENT_ENROLMENT AS T2 ON T1.degree_program_id = T2.degree_program_id GROUP BY T1.degree_summary_name ORDER BY count(*) DESC LIMIT 1,SELECT T1.degree_summary_name FROM Degree_Programs AS T1 JOIN Student_Enrolment AS T2 ON T1.degree_program_id = T2.degree_program_id GROUP BY T1.degree_summary_name ORDER BY count(*) DESC LIMIT 1
539,False,missing_table,1,"SELECT T1.degree_program_id , T2.degree_summary_name FROM DEGREE_PROGRAMS AS T1 JOIN Degree_Programs AS T2 ON T1.degree_program_id = T2.degree_program_id GROUP BY T1.degree_program_id ORDER BY count(*) DESC LIMIT 1","SELECT T1.degree_program_id , T1.degree_summary_name FROM Degree_Programs AS T1 JOIN Student_Enrolment AS T2 ON T1.degree_program_id = T2.degree_program_id GROUP BY T1.degree_program_id ORDER BY count(*) DESC LIMIT 1"
540,True,,0,"SELECT T1.degree_program_id , T2.degree_summary_name FROM Student_Enrolment AS T1 JOIN Degree_Programs AS T2 ON T1.degree_program_id = T2.degree_program_id GROUP BY T1.degree_program_id ORDER BY count(*) DESC LIMIT 1","SELECT T1.degree_program_id , T1.degree_summary_name FROM Degree_Programs AS T1 JOIN Student_Enrolment AS T2 ON T1.degree_program_id = T2.degree_program_id GROUP BY T1.degree_program_id ORDER BY count(*) DESC LIMIT 1"
541,True,,0,"SELECT T1.student_id , T1.first_name , T1.middle_name , T1.last_name , count(*) , T1.student_id FROM students AS T1 JOIN student_enrolment AS T2 ON T1.student_id = T2.student_id GROUP BY T1.student_id ORDER BY count(*) DESC LIMIT 1","SELECT T1.student_id , T1.first_name , T1.middle_name , T1.last_name , count(*) , T1.student_id FROM Students AS T1 JOIN Student_Enrolment AS T2 ON T1.student_id = T2.student_id GROUP BY T1.student_id ORDER BY count(*) DESC LIMIT 1"
542,True,,0,"SELECT T1.first_name , T1.middle_name , T1.last_name , T1.student_id , count(*) FROM students AS T1 JOIN student_enrolment AS T2 ON T1.student_id = T2.student_id GROUP BY T1.student_id ORDER BY count(*) DESC LIMIT 1","SELECT T1.student_id , T1.first_name , T1.middle_name , T1.last_name , count(*) , T1.student_id FROM Students AS T1 JOIN Student_Enrolment AS T2 ON T1.student_id = T2.student_id GROUP BY T1.student_id ORDER BY count(*) DESC LIMIT 1"
543,False,hallucinated_table|hallucinated_column|extra_join|wrong_where_operator|missing_subquery,5,SELECT T1.semester_name FROM SEMesters AS T1 JOIN Student_Enrolment AS T2 ON T1.semester_id = T2.semester_id WHERE T2.student_id IS NULL,SELECT semester_name FROM Semesters WHERE semester_id NOT IN( SELECT semester_id FROM Student_Enrolment )
544,False,hallucinated_table|hallucinated_column|extra_join|wrong_where_operator|missing_subquery,5,SELECT T1.semester_name FROM semesters AS T1 JOIN student_enrolment AS T2 ON T1.semester_id = T2.semester_id WHERE T2.student_id IS NULL,SELECT semester_name FROM Semesters WHERE semester_id NOT IN( SELECT semester_id FROM Student_Enrolment )
545,False,missing_distinct,1,SELECT T1.course_name FROM courses AS T1 JOIN student_enrolment_courses AS T2 ON T1.course_id = T2.course_id,SELECT DISTINCT T1.course_name FROM Courses AS T1 JOIN Student_Enrolment_Courses AS T2 ON T1.course_id = T2.course_id
546,False,extra_aggregation|extra_group_by|extra_having|missing_distinct,4,SELECT T1.course_name FROM courses AS T1 JOIN student_enrolment_courses AS T2 ON T1.course_id = T2.course_id GROUP BY T1.course_name HAVING count(*) > 0,SELECT DISTINCT T1.course_name FROM Courses AS T1 JOIN Student_Enrolment_Courses AS T2 ON T1.course_id = T2.course_id
547,True,,0,SELECT T1.course_name FROM courses AS T1 JOIN student_enrolment_courses AS T2 ON T1.course_id = T2.course_id GROUP BY T1.course_name ORDER BY count(*) DESC LIMIT 1,SELECT T1.course_name FROM Courses AS T1 JOIN Student_Enrolment_Courses AS T2 ON T1.course_id = T2.course_id GROUP BY T1.course_name ORDER BY count(*) DESC LIMIT 1
548,True,,0,SELECT T1.course_name FROM courses AS T1 JOIN student_enrolment_courses AS T2 ON T1.course_id = T2.course_id GROUP BY T1.course_name ORDER BY count(*) DESC LIMIT 1,SELECT T1.course_name FROM Courses AS T1 JOIN Student_Enrolment_Courses AS T2 ON T1.course_id = T2.course_id GROUP BY T1.course_name ORDER BY count(*) DESC LIMIT 1
549,False,wrong_join_count|missing_distinct|wrong_set_op_branch,3,SELECT T1.last_name FROM students AS T1 JOIN addresses AS T2 ON T1.current_address_id = T2.address_id WHERE T2.state_province_county = 'North Carolina' EXCEPT SELECT T1.last_name FROM students AS T1 JOIN addresses AS T2 ON T1.current_address_id = T2.address_id JOIN student_enrolment AS T3 ON T1.student_id = T3.student_id,SELECT T1.last_name FROM Students AS T1 JOIN Addresses AS T2 ON T1.current_address_id = T2.address_id WHERE T2.state_province_county = 'NorthCarolina' EXCEPT SELECT DISTINCT T3.last_name FROM Students AS T3 JOIN Student_Enrolment AS T4 ON T3.student_id = T4.student_id
550,False,missing_table|hallucinated_table|wrong_join_count|missing_distinct|wrong_set_op_branch,5,SELECT T1.last_name FROM students AS T1 JOIN addresses AS T2 ON T1.current_address_id = T2.address_id WHERE T2.state_province_county = 'North Carolina' EXCEPT SELECT T1.last_name FROM students AS T1 JOIN addresses AS T2 ON T1.current_address_id = T2.address_id JOIN student_enrolment_courses AS T3 ON T1.student_id = T3.student_id,SELECT T1.last_name FROM Students AS T1 JOIN Addresses AS T2 ON T1.current_address_id = T2.address_id WHERE T2.state_province_county = 'NorthCarolina' EXCEPT SELECT DISTINCT T3.last_name FROM Students AS T3 JOIN Student_Enrolment AS T4 ON T3.student_id = T4.student_id
551,True,,0,"SELECT T1.transcript_date , T1.transcript_id FROM TRANSCRIPTS AS T1 JOIN TRANSCRIPT_CONTENTS AS T2 ON T1.transcript_id = T2.transcript_id GROUP BY T1.transcript_id HAVING count(*) >= 2","SELECT T2.transcript_date , T1.transcript_id FROM Transcript_Contents AS T1 JOIN Transcripts AS T2 ON T1.transcript_id = T2.transcript_id GROUP BY T1.transcript_id HAVING count(*) >= 2"
552,True,,0,"SELECT T1.transcript_date , T1.transcript_id FROM TRANSCRIPTS AS T1 JOIN TRANSCRIPT_CONTENTS AS T2 ON T1.transcript_id = T2.transcript_id GROUP BY T1.transcript_id HAVING count(*) >= 2","SELECT T2.transcript_date , T1.transcript_id FROM Transcript_Contents AS T1 JOIN Transcripts AS T2 ON T1.transcript_id = T2.transcript_id GROUP BY T1.transcript_id HAVING count(*) >= 2"
553,True,,0,"SELECT cell_mobile_number FROM students WHERE first_name = ""Timmothy"" AND last_name = ""Ward""",SELECT cell_mobile_number FROM Students WHERE first_name = 'Timmothy' AND last_name = 'Ward'
554,True,,0,"SELECT cell_mobile_number FROM students WHERE first_name = ""Timmothy"" AND last_name = ""Ward""",select cell_mobile_number from students where first_name = 'timmothy' and last_name = 'ward'
555,True,,0,"SELECT first_name , middle_name , last_name FROM students ORDER BY date_first_registered LIMIT 1","SELECT first_name , middle_name , last_name FROM Students ORDER BY date_first_registered ASC LIMIT 1"
556,True,,0,"SELECT first_name , middle_name , last_name FROM students ORDER BY date_first_registered LIMIT 1","SELECT first_name , middle_name , last_name FROM Students ORDER BY date_first_registered ASC LIMIT 1"
557,False,hallucinated_table|hallucinated_column|extra_join,3,"SELECT T1.first_name , T1.middle_name , T1.last_name FROM students AS T1 JOIN student_enrolment AS T2 ON T1.student_id = T2.student_id ORDER BY T2.date_left ASC LIMIT 1","SELECT first_name , middle_name , last_name FROM Students ORDER BY date_left ASC LIMIT 1"
558,False,hallucinated_table|hallucinated_column|extra_join|wrong_order_by_column,4,"SELECT T1.first_name , T1.middle_name , T1.last_name FROM students AS T1 JOIN student_enrolment AS T2 ON T1.student_id = T2.student_id ORDER BY T2.date_first_registered ASC LIMIT 1","SELECT first_name , middle_name , last_name FROM Students ORDER BY date_left ASC LIMIT 1"
559,False,hallucinated_table|hallucinated_column|extra_join|missing_where|extra_set_operation|extra_subquery,6,SELECT T1.first_name FROM students AS T1 JOIN addresses AS T2 ON T1.permanent_address_id = T2.address_id EXCEPT SELECT T1.first_name FROM students AS T1 JOIN addresses AS T2 ON T1.current_address_id = T2.address_id,SELECT first_name FROM Students WHERE current_address_id != permanent_address_id
560,False,hallucinated_table|hallucinated_column|extra_join|missing_where|extra_set_operation|extra_subquery,6,SELECT T1.first_name FROM students AS T1 JOIN addresses AS T2 ON T1.permanent_address_id = T2.address_id EXCEPT SELECT T1.first_name FROM students AS T1 JOIN addresses AS T2 ON T1.current_address_id = T2.address_id,SELECT first_name FROM Students WHERE current_address_id != permanent_address_id
561,False,hallucinated_column|wrong_select_column,2,"SELECT T1.address_id , T1.line_1 , T1.line_2 , T1.line_3 FROM addresses AS T1 JOIN students AS T2 ON T1.address_id = T2.current_address_id GROUP BY T1.address_id ORDER BY count(*) DESC LIMIT 1","SELECT T1.address_id , T1.line_1 , T1.line_2 FROM Addresses AS T1 JOIN Students AS T2 ON T1.address_id = T2.current_address_id GROUP BY T1.address_id ORDER BY count(*) DESC LIMIT 1"
562,True,,0,"SELECT T1.address_id , T1.line_1 , T1.line_2 FROM addresses AS T1 JOIN students AS T2 ON T1.address_id = T2.current_address_id GROUP BY T1.address_id ORDER BY count(*) DESC LIMIT 1","SELECT T1.address_id , T1.line_1 , T1.line_2 FROM Addresses AS T1 JOIN Students AS T2 ON T1.address_id = T2.current_address_id GROUP BY T1.address_id ORDER BY count(*) DESC LIMIT 1"
563,True,,0,SELECT avg(transcript_date) FROM TRANSCRIPTS,SELECT avg(transcript_date) FROM Transcripts
564,True,,0,SELECT avg(transcript_date) FROM TRANSCRIPTS,SELECT avg(transcript_date) FROM Transcripts
565,False,hallucinated_table|hallucinated_column|extra_join,3,"SELECT T1.transcript_date , T1.other_details FROM TRANSCRIPTS AS T1 JOIN TRANSCRIPT_CONTENTS AS T2 ON T1.transcript_id = T2.transcript_id ORDER BY T1.transcript_date LIMIT 1","SELECT transcript_date , other_details FROM Transcripts ORDER BY transcript_date ASC LIMIT 1"
566,False,hallucinated_table|hallucinated_column|extra_join|extra_aggregation|missing_order_by|missing_limit,6,"SELECT min(T1.transcript_date) , T1.other_details FROM TRANSCRIPTS AS T1 JOIN TRANSCRIPT_CONTENTS AS T2 ON T1.transcript_id = T2.transcript_id","SELECT transcript_date , other_details FROM Transcripts ORDER BY transcript_date ASC LIMIT 1"
567,True,,0,SELECT count(*) FROM TRANSCRIPTS,SELECT count(*) FROM Transcripts
568,True,,0,SELECT count(*) FROM TRANSCRIPTS,SELECT count(*) FROM Transcripts
569,False,extra_aggregation|missing_order_by|missing_limit,3,SELECT max(transcript_date) FROM TRANSCRIPTS,SELECT transcript_date FROM Transcripts ORDER BY transcript_date DESC LIMIT 1
570,False,extra_aggregation|missing_order_by|missing_limit,3,SELECT max(transcript_date) FROM TRANSCRIPTS,SELECT transcript_date FROM Transcripts ORDER BY transcript_date DESC LIMIT 1
571,False,hallucinated_table|hallucinated_column|wrong_select_column|missing_select_column|extra_join|missing_limit|wrong_group_by_column,7,"SELECT count(*) , T1.course_id FROM Student_Enrolment_Courses AS T1 JOIN Transcript_Contents AS T2 ON T1.student_course_id = T2.student_course_id GROUP BY T1.course_id ORDER BY count(*) DESC","SELECT count(*) , student_course_id FROM Transcript_Contents GROUP BY student_course_id ORDER BY count(*) DESC LIMIT 1"
572,False,missing_table|hallucinated_table|hallucinated_column|wrong_select_column|missing_select_column|extra_join|wrong_group_by_column,7,"SELECT T1.course_id , count(*) FROM courses AS T1 JOIN student_enrolment_courses AS T2 ON T1.course_id = T2.course_id GROUP BY T1.course_id ORDER BY count(*) DESC LIMIT 1","SELECT count(*) , student_course_id FROM Transcript_Contents GROUP BY student_course_id ORDER BY count(*) DESC LIMIT 1"
573,False,missing_table|hallucinated_table|wrong_select_column|missing_select_column|wrong_aggregation|wrong_group_by_column,6,"SELECT T1.transcript_date , count(*) FROM TRANSCRIPTS AS T1 JOIN STUDENT_ENROLMENT_COURSES AS T2 ON T1.transcript_id = T2.transcript_id GROUP BY T1.transcript_date ORDER BY count(*) ASC LIMIT 1","SELECT T2.transcript_date , T1.transcript_id FROM Transcript_Contents AS T1 JOIN Transcripts AS T2 ON T1.transcript_id = T2.transcript_id GROUP BY T1.transcript_id ORDER BY count(*) ASC LIMIT 1"
574,True,,0,"SELECT T1.transcript_date , T1.transcript_id FROM TRANSCRIPTS AS T1 JOIN TRANSCRIPT_CONTENTS AS T2 ON T1.transcript_id = T2.transcript_id GROUP BY T1.transcript_id ORDER BY count(*) LIMIT 1","SELECT T2.transcript_date , T1.transcript_id FROM Transcript_Contents AS T1 JOIN Transcripts AS T2 ON T1.transcript_id = T2.transcript_id GROUP BY T1.transcript_id ORDER BY count(*) ASC LIMIT 1"
575,False,missing_table|hallucinated_table|hallucinated_column|wrong_select_column|missing_select_column|missing_distinct|wrong_set_op_branch,7,SELECT T1.semester_name FROM semesters AS T1 JOIN student_enrolment AS T2 ON T1.semester_id = T2.semester_id WHERE T2.degree_program_id = 1 INTERSECT SELECT T1.semester_name FROM semesters AS T1 JOIN student_enrolment AS T2 ON T1.semester_id = T2.semester_id WHERE T2.degree_program_id = 2,SELECT DISTINCT T2.semester_id FROM Degree_Programs AS T1 JOIN Student_Enrolment AS T2 ON T1.degree_program_id = T2.degree_program_id WHERE degree_summary_name = 'Master' INTERSECT SELECT DISTINCT T2.semester_id FROM Degree_Programs AS T1 JOIN Student_Enrolment AS T2 ON T1.degree_program_id = T2.degree_program_id WHERE degree_summary_name = 'Bachelor'
576,False,hallucinated_table|hallucinated_column|wrong_join_count|missing_distinct|wrong_set_op_branch,5,SELECT T1.semester_id FROM semesters AS T1 JOIN student_enrolment AS T2 ON T1.semester_id = T2.semester_id JOIN degree_programs AS T3 ON T2.degree_program_id = T3.degree_program_id WHERE T3.degree_summary_name = 'Masters' INTERSECT SELECT T1.semester_id FROM semesters AS T1 JOIN student_enrolment AS T2 ON T1.semester_id = T2.semester_id JOIN degree_programs AS T3 ON T2.degree_program_id = T3.degree_program_id WHERE T3.degree_summary_name = 'Bachelors',SELECT DISTINCT T2.semester_id FROM Degree_Programs AS T1 JOIN Student_Enrolment AS T2 ON T1.degree_program_id = T2.degree_program_id WHERE degree_summary_name = 'Master' INTERSECT SELECT DISTINCT T2.semester_id FROM Degree_Programs AS T1 JOIN Student_Enrolment AS T2 ON T1.degree_program_id = T2.degree_program_id WHERE degree_summary_name = 'Bachelor'
577,True,,0,SELECT count(DISTINCT current_address_id) FROM Students,SELECT count(DISTINCT current_address_id) FROM Students
578,False,hallucinated_table|hallucinated_column|wrong_select_column|missing_select_column|extra_join|missing_aggregation|extra_where|extra_distinct,8,"SELECT DISTINCT T1.city , T1.zip_postcode FROM TRANSCRIPTS AS T1 JOIN STUDENTS AS T2 ON T1.transcript_date = T2.date_first_registered WHERE T2.student_id IS NOT NULL",SELECT count(DISTINCT current_address_id) FROM Students
579,False,wrong_select_column|missing_select_column|wrong_order_by_column,3,SELECT * FROM students ORDER BY last_name DESC,SELECT other_student_details FROM Students ORDER BY other_student_details DESC
580,False,wrong_select_column|missing_select_column|wrong_order_by_column,3,SELECT * FROM STUDENTS ORDER BY last_name DESC,SELECT other_student_details FROM Students ORDER BY other_student_details DESC
581,False,wrong_select_column|missing_select_column,2,"SELECT section_name FROM sections WHERE section_name = ""h""",SELECT section_description FROM Sections WHERE section_name = 'h'
582,True,,0,"SELECT section_description FROM sections WHERE section_name = ""h""",SELECT section_description FROM Sections WHERE section_name = 'h'
583,True,,0,"SELECT T1.first_name FROM STUDENTS AS T1 JOIN ADDRESSES AS T2 ON T1.permanent_address_id = T2.address_id WHERE T2.country = ""Haiti"" OR T1.cell_mobile_number = ""09700166582""",select t1.first_name from students as t1 join addresses as t2 on t1.permanent_address_id = t2.address_id where t2.country = 'haiti' or t1.cell_mobile_number = '09700166582'
584,False,hallucinated_column|missing_column,2,"SELECT T1.first_name FROM students AS T1 JOIN addresses AS T2 ON T1.permanent_address_id = T2.address_id WHERE T2.city = ""Haiti"" OR T1.cell_mobile_number = ""09700166582""",select t1.first_name from students as t1 join addresses as t2 on t1.permanent_address_id = t2.address_id where t2.country = 'haiti' or t1.cell_mobile_number = '09700166582'
585,True,,0,SELECT Title FROM Cartoon ORDER BY Title,SELECT Title FROM Cartoon ORDER BY title
586,True,,0,SELECT title FROM cartoon ORDER BY title,SELECT Title FROM Cartoon ORDER BY title
587,True,,0,"SELECT title FROM cartoon WHERE directed_by = ""Ben Jones""","SELECT Title FROM Cartoon WHERE Directed_by = ""Ben Jones"""
588,True,,0,"SELECT title FROM cartoon WHERE directed_by = ""Ben Jones""","SELECT Title FROM Cartoon WHERE Directed_by = ""Ben Jones"""
589,True,,0,"SELECT COUNT(*) FROM Cartoon WHERE Written_by = ""Joseph Kuhr""","SELECT count(*) FROM Cartoon WHERE Written_by = ""Joseph Kuhr"""
590,True,,0,"SELECT COUNT(*) FROM Cartoon WHERE Written_by = ""Joseph Kuhr""","SELECT count(*) FROM Cartoon WHERE Written_by = ""Joseph Kuhr"""
591,True,,0,"SELECT title , directed_by FROM Cartoon ORDER BY original_air_date","SELECT title , Directed_by FROM Cartoon ORDER BY Original_air_date"
592,True,,0,"SELECT title , directed_by FROM cartoon ORDER BY original_air_date","SELECT title , Directed_by FROM Cartoon ORDER BY Original_air_date"
593,True,,0,"SELECT Title FROM Cartoon WHERE Directed_by = ""Ben Jones"" OR Directed_by = ""Brandon Vietti""","SELECT Title FROM Cartoon WHERE Directed_by = ""Ben Jones"" OR Directed_by = ""Brandon Vietti"""
594,True,,0,"SELECT title FROM cartoon WHERE directed_by = ""Ben Jones"" OR directed_by = ""Brandon Vietti""","SELECT Title FROM Cartoon WHERE Directed_by = ""Ben Jones"" OR Directed_by = ""Brandon Vietti"""
595,True,,0,"SELECT Country , COUNT(*) FROM TV_channel GROUP BY Country ORDER BY COUNT(*) DESC LIMIT 1","SELECT Country , count(*) FROM TV_Channel GROUP BY Country ORDER BY count(*) DESC LIMIT 1"
596,True,,0,"SELECT Country , COUNT(*) FROM TV_channel GROUP BY Country ORDER BY COUNT(*) DESC LIMIT 1","SELECT Country , count(*) FROM TV_Channel GROUP BY Country ORDER BY count(*) DESC LIMIT 1"
597,True,,0,"SELECT count(DISTINCT series_name) , count(DISTINCT content) FROM TV_channel","SELECT count(DISTINCT series_name) , count(DISTINCT content) FROM TV_Channel"
598,False,wrong_select_column|missing_select_column|wrong_aggregation,3,"SELECT count(DISTINCT series_name , content) FROM TV_channel","SELECT count(DISTINCT series_name) , count(DISTINCT content) FROM TV_Channel"
599,True,,0,"SELECT Content FROM TV_channel WHERE series_name = ""Sky Radio""","SELECT Content FROM TV_Channel WHERE series_name = ""Sky Radio"""
600,True,,0,"SELECT Content FROM TV_channel WHERE series_name = ""Sky Radio""","SELECT Content FROM TV_Channel WHERE series_name = ""Sky Radio"""
601,True,,0,"SELECT Package_Option FROM TV_Channel WHERE series_name = ""Sky Radio""","SELECT Package_Option FROM TV_Channel WHERE series_name = ""Sky Radio"""
602,False,hallucinated_table|hallucinated_column|extra_join|extra_distinct,4,"SELECT DISTINCT T2.Package_Option FROM TV_channel AS T1 JOIN TV_series AS T2 ON T1.id = T2.Channel WHERE T1.series_name = ""Sky Radio""","SELECT Package_Option FROM TV_Channel WHERE series_name = ""Sky Radio"""
603,True,,0,"SELECT count(*) FROM TV_channel WHERE Language = ""English""","SELECT count(*) FROM TV_Channel WHERE LANGUAGE = ""English"""
604,True,,0,"SELECT count(*) FROM TV_channel WHERE Language = ""English""","SELECT count(*) FROM TV_Channel WHERE LANGUAGE = ""English"""
605,True,,0,"SELECT Language , COUNT(*) FROM TV_channel GROUP BY Language ORDER BY COUNT(*) LIMIT 1","SELECT LANGUAGE , count(*) FROM TV_Channel GROUP BY LANGUAGE ORDER BY count(*) ASC LIMIT 1"
606,True,,0,"SELECT Language , COUNT(*) FROM TV_channel GROUP BY Language ORDER BY COUNT(*) LIMIT 1","SELECT LANGUAGE , count(*) FROM TV_Channel GROUP BY LANGUAGE ORDER BY count(*) ASC LIMIT 1"
607,True,,0,"SELECT Language , COUNT(*) FROM TV_channel GROUP BY Language","SELECT LANGUAGE , count(*) FROM TV_Channel GROUP BY LANGUAGE"
608,True,,0,"SELECT count(*) , Language FROM TV_channel GROUP BY Language","SELECT LANGUAGE , count(*) FROM TV_Channel GROUP BY LANGUAGE"
609,True,,0,"SELECT T2.series_name FROM Cartoon AS T1 JOIN TV_channel AS T2 ON T1.channel = T2.id WHERE T1.title = ""The Rise of the Blue Beetle!""","SELECT T1.series_name FROM TV_Channel AS T1 JOIN Cartoon AS T2 ON T1.id = T2.Channel WHERE T2.Title = ""The Rise of the Blue Beetle!"""
610,True,,0,"SELECT T2.series_name FROM Cartoon AS T1 JOIN TV_channel AS T2 ON T1.channel = T2.id WHERE T1.title = ""The Rise of the Blue Beetle""","SELECT T1.series_name FROM TV_Channel AS T1 JOIN Cartoon AS T2 ON T1.id = T2.Channel WHERE T2.Title = ""The Rise of the Blue Beetle!"""
611,True,,0,"SELECT T2.Title FROM TV_channel AS T1 JOIN Cartoon AS T2 ON T1.id = T2.Channel WHERE T1.series_name = ""Sky Radio""","SELECT T2.Title FROM TV_Channel AS T1 JOIN Cartoon AS T2 ON T1.id = T2.Channel WHERE T1.series_name = ""Sky Radio"""
612,True,,0,"SELECT T2.Title FROM TV_channel AS T1 JOIN Cartoon AS T2 ON T1.id = T2.Channel WHERE T1.series_name = ""Sky Radio""","SELECT T2.Title FROM TV_Channel AS T1 JOIN Cartoon AS T2 ON T1.id = T2.Channel WHERE T1.series_name = ""Sky Radio"""
613,True,,0,SELECT Episode FROM TV_series ORDER BY Rating,SELECT Episode FROM TV_series ORDER BY rating
614,True,,0,SELECT Episode FROM TV_series ORDER BY Rating,SELECT Episode FROM TV_series ORDER BY rating
615,True,,0,"SELECT Episode , Rating FROM TV_series ORDER BY Rating DESC LIMIT 3","SELECT Episode , Rating FROM TV_series ORDER BY Rating DESC LIMIT 3"
616,True,,0,"SELECT Episode , Rating FROM TV_series ORDER BY Rating DESC LIMIT 3","SELECT Episode , Rating FROM TV_series ORDER BY Rating DESC LIMIT 3"
617,True,,0,"SELECT min(Share) , max(Share) FROM TV_series","SELECT max(SHARE) , min(SHARE) FROM TV_series"
618,True,,0,"SELECT max(Share) , min(Share) FROM TV_series","SELECT max(SHARE) , min(SHARE) FROM TV_series"
619,True,,0,"SELECT Air_Date FROM TV_series WHERE Episode = ""A Love of a Lifetime""","SELECT Air_Date FROM TV_series WHERE Episode = ""A Love of a Lifetime"""
620,True,,0,"SELECT Air_Date FROM TV_series WHERE Episode = ""A Love of a Lifetime""","SELECT Air_Date FROM TV_series WHERE Episode = ""A Love of a Lifetime"""
621,True,,0,"SELECT Weekly_Rank FROM TV_series WHERE Episode = ""A Love of a Lifetime""","SELECT Weekly_Rank FROM TV_series WHERE Episode = ""A Love of a Lifetime"""
622,True,,0,"SELECT Weekly_Rank FROM TV_series WHERE Episode = ""A Love of a Lifetime""","SELECT Weekly_Rank FROM TV_series WHERE Episode = ""A Love of a Lifetime"""
623,True,,0,"SELECT T2.series_name FROM TV_series AS T1 JOIN TV_channel AS T2 ON T1.channel = T2.id WHERE T1.Episode = ""A Love of a Lifetime""","SELECT T1.series_name FROM TV_Channel AS T1 JOIN TV_series AS T2 ON T1.id = T2.Channel WHERE T2.Episode = ""A Love of a Lifetime"""
624,True,,0,"SELECT T2.series_name FROM TV_series AS T1 JOIN TV_channel AS T2 ON T1.channel = T2.id WHERE T1.episode = ""A Love of a Lifetime""","SELECT T1.series_name FROM TV_Channel AS T1 JOIN TV_series AS T2 ON T1.id = T2.Channel WHERE T2.Episode = ""A Love of a Lifetime"""
625,True,,0,"SELECT T2.Episode FROM TV_channel AS T1 JOIN TV_series AS T2 ON T1.id = T2.Channel WHERE T1.series_name = ""Sky Radio""","SELECT T2.Episode FROM TV_Channel AS T1 JOIN TV_series AS T2 ON T1.id = T2.Channel WHERE T1.series_name = ""Sky Radio"""
626,False,missing_table|missing_column|missing_join,3,"SELECT Episode FROM TV_series WHERE Channel = ""Sky Radio""","SELECT T2.Episode FROM TV_Channel AS T1 JOIN TV_series AS T2 ON T1.id = T2.Channel WHERE T1.series_name = ""Sky Radio"""
627,False,hallucinated_table|hallucinated_column|extra_join|extra_where,4,"SELECT COUNT(*) , T2.directed_by FROM cartoon AS T1 JOIN director AS T2 ON T1.directed_by = T2.directed_by WHERE T2.directed_by IN ('David S. Goyer', 'John Rambo') GROUP BY T2.directed_by","SELECT count(*) , Directed_by FROM cartoon GROUP BY Directed_by"
628,True,,0,"SELECT COUNT(*) , directed_by FROM Cartoon GROUP BY directed_by","SELECT count(*) , Directed_by FROM cartoon GROUP BY Directed_by"
629,True,,0,"SELECT Production_code , CHANNEL FROM Cartoon ORDER BY Original_air_date DESC LIMIT 1","select production_code , channel from cartoon order by original_air_date desc limit 1"
630,True,,0,"SELECT production_code , channel FROM Cartoon ORDER BY original_air_date DESC LIMIT 1","select production_code , channel from cartoon order by original_air_date desc limit 1"
631,False,hallucinated_column|extra_join,2,"SELECT T2.Package_Option , T1.series_name FROM TV_channel AS T1 JOIN TV_Channel AS T2 ON T1.id = T2.id WHERE T1.Hight_definition_TV = 'Yes'","SELECT package_option , series_name FROM TV_Channel WHERE hight_definition_TV = ""yes"""
632,False,hallucinated_table|hallucinated_column|extra_join|extra_distinct,4,"SELECT DISTINCT T2.Package_Option , T1.series_name FROM TV_channel AS T1 JOIN TV_series AS T2 ON T1.id = T2.Channel WHERE T1.Hight_definition_TV = 'Yes'","SELECT package_option , series_name FROM TV_Channel WHERE hight_definition_TV = ""yes"""
633,False,extra_distinct,1,"SELECT DISTINCT T2.Country FROM Cartoon AS T1 JOIN TV_channel AS T2 ON T1.Channel = T2.id WHERE T1.Written_by = ""Todd Casey""",SELECT T1.country FROM TV_Channel AS T1 JOIN cartoon AS T2 ON T1.id = T2.Channel WHERE T2.written_by = 'Todd Casey'
634,False,extra_distinct,1,"SELECT DISTINCT T2.Country FROM Cartoon AS T1 JOIN TV_channel AS T2 ON T1.Channel = T2.id WHERE T1.Written_by = ""Todd Casey""",SELECT T1.country FROM TV_Channel AS T1 JOIN cartoon AS T2 ON T1.id = T2.Channel WHERE T2.written_by = 'Todd Casey'
635,False,missing_table|missing_column|missing_join|wrong_where_operator|missing_set_operation|wrong_set_op_branch,6,"SELECT country FROM TV_channel WHERE id NOT IN ( SELECT channel FROM cartoon WHERE directed_by = ""Todd Casey"" )",SELECT country FROM TV_Channel EXCEPT SELECT T1.country FROM TV_Channel AS T1 JOIN cartoon AS T2 ON T1.id = T2.Channel WHERE T2.written_by = 'Todd Casey'
636,False,missing_table|missing_column|missing_join|wrong_where_operator|missing_set_operation|wrong_set_op_branch,6,"SELECT country FROM TV_channel WHERE id NOT IN ( SELECT channel FROM cartoon WHERE directed_by = ""Todd Casey"" )",SELECT country FROM TV_Channel EXCEPT SELECT T1.country FROM TV_Channel AS T1 JOIN cartoon AS T2 ON T1.id = T2.Channel WHERE T2.written_by = 'Todd Casey'
637,False,wrong_join_count|missing_set_operation|wrong_set_op_branch|missing_subquery,4,"SELECT T2.series_name , T2.Country FROM Cartoon AS T1 JOIN TV_channel AS T2 ON T1.Channel = T2.id WHERE T1.directed_by = ""Ben Jones"" AND T1.directed_by = ""Michael Chang""","SELECT T1.series_name , T1.country FROM TV_Channel AS T1 JOIN cartoon AS T2 ON T1.id = T2.Channel WHERE T2.directed_by = 'Michael Chang' INTERSECT SELECT T1.series_name , T1.country FROM TV_Channel AS T1 JOIN cartoon AS T2 ON T1.id = T2.Channel WHERE T2.directed_by = 'Ben Jones'"
638,False,wrong_set_op_branch,1,"SELECT T2.series_name , T2.Country FROM Cartoon AS T1 JOIN TV_channel AS T2 ON T1.channel = T2.id WHERE T1.directed_by = ""Ben Jones"" INTERSECT SELECT T2.series_name , T2.Country FROM Cartoon AS T1 JOIN TV_channel AS T2 ON T1.channel = T2.id WHERE T1.directed_by = ""Michael Chang""","SELECT T1.series_name , T1.country FROM TV_Channel AS T1 JOIN cartoon AS T2 ON T1.id = T2.Channel WHERE T2.directed_by = 'Michael Chang' INTERSECT SELECT T1.series_name , T1.country FROM TV_Channel AS T1 JOIN cartoon AS T2 ON T1.id = T2.Channel WHERE T2.directed_by = 'Ben Jones'"
639,True,,0,"SELECT Pixel_aspect_ratio_PAR , Country FROM TV_channel WHERE Language != ""English""","SELECT Pixel_aspect_ratio_PAR , country FROM tv_channel WHERE LANGUAGE != 'English'"
640,True,,0,"SELECT Pixel_aspect_ratio_PAR , Country FROM TV_channel WHERE Language != ""English""","SELECT Pixel_aspect_ratio_PAR , country FROM tv_channel WHERE LANGUAGE != 'English'"
641,True,,0,SELECT id FROM TV_channel GROUP BY country HAVING count(*) > 2,SELECT id FROM tv_channel GROUP BY country HAVING count(*) > 2
642,False,wrong_group_by_column,1,SELECT id FROM TV_channel GROUP BY id HAVING count(*) > 2,SELECT id FROM tv_channel GROUP BY country HAVING count(*) > 2
643,False,wrong_where_operator|missing_set_operation|wrong_set_op_branch,3,"SELECT id FROM TV_channel WHERE id NOT IN (SELECT channel FROM Cartoon WHERE directed_by = ""Ben Jones"")",SELECT id FROM TV_Channel EXCEPT SELECT channel FROM cartoon WHERE directed_by = 'Ben Jones'
644,False,wrong_where_operator|missing_set_operation|wrong_set_op_branch,3,"SELECT id FROM TV_channel WHERE id NOT IN (SELECT channel FROM cartoon WHERE directed_by = ""Ben Jones"")",SELECT id FROM TV_Channel EXCEPT SELECT channel FROM cartoon WHERE directed_by = 'Ben Jones'
645,False,hallucinated_table|hallucinated_column|extra_join|extra_distinct|wrong_where_operator|missing_subquery,6,"SELECT DISTINCT T2.Package_Option FROM TV_channel AS T1 JOIN TV_series AS T2 ON T1.id = T2.Channel WHERE T1.Country != ""United States"" AND T1.Language != ""English"" AND T1.Content != ""Animation"" AND T1.Pay_per_view_PPV != ""Yes"" AND T1.Hight_definition_TV != ""Yes"" AND T1.Pixel_aspect_ratio_PAR != ""1.78"" AND T1.Country != ""Canada"" AND T1.Country != ""Australia"" AND T1.Country != ""New Zealand"" AND T1.Country != ""South Africa"" AND T1.Country",SELECT package_option FROM TV_Channel WHERE id NOT IN (SELECT channel FROM cartoon WHERE directed_by = 'Ben Jones')
646,False,hallucinated_table|hallucinated_column|extra_join|extra_distinct|wrong_where_operator|missing_subquery,6,"SELECT DISTINCT T2.Package_Option FROM TV_channel AS T1 JOIN TV_series AS T2 ON T1.id = T2.Channel WHERE T1.Country != ""United States"" AND T1.Language != ""English"" AND T1.Content != ""Cartoon"" AND T1.Country != ""Canada"" AND T1.Language != ""French"" AND T1.Content != ""Documentary"" AND T1.Country != ""Australia"" AND T1.Language != ""German"" AND T1.Content != ""Animation"" AND T1.Country != ""Brazil"" AND T1.Language != ""Italian"" AND T1.Content != ""Drama"" AND",SELECT package_option FROM TV_Channel WHERE id NOT IN (SELECT channel FROM cartoon WHERE directed_by = 'Ben Jones')
647,True,,0,SELECT count(*) FROM poker_player,SELECT count(*) FROM poker_player
648,True,,0,SELECT count(*) FROM poker_player,SELECT count(*) FROM poker_player
649,True,,0,SELECT Earnings FROM poker_player ORDER BY Earnings DESC,SELECT Earnings FROM poker_player ORDER BY Earnings DESC
650,True,,0,SELECT Earnings FROM poker_player ORDER BY Earnings DESC,SELECT Earnings FROM poker_player ORDER BY Earnings DESC
651,True,,0,"SELECT Final_Table_Made , Best_Finish FROM poker_player","SELECT Final_Table_Made , Best_Finish FROM poker_player"
652,True,,0,"SELECT Final_Table_Made , Best_Finish FROM poker_player","SELECT Final_Table_Made , Best_Finish FROM poker_player"
653,True,,0,SELECT avg(Earnings) FROM poker_player,SELECT avg(Earnings) FROM poker_player
654,True,,0,SELECT avg(Earnings) FROM poker_player,SELECT avg(Earnings) FROM poker_player
655,True,,0,SELECT Money_Rank FROM poker_player ORDER BY Earnings DESC LIMIT 1,SELECT Money_Rank FROM poker_player ORDER BY Earnings DESC LIMIT 1
656,True,,0,SELECT Money_Rank FROM poker_player ORDER BY Earnings DESC LIMIT 1,SELECT Money_Rank FROM poker_player ORDER BY Earnings DESC LIMIT 1
657,True,,0,SELECT max(Final_Table_Made) FROM poker_player WHERE Earnings < 200000,SELECT max(Final_Table_Made) FROM poker_player WHERE Earnings < 200000
658,True,,0,SELECT max(Final_Table_Made) FROM poker_player WHERE Earnings < 200000,SELECT max(Final_Table_Made) FROM poker_player WHERE Earnings < 200000
659,False,missing_table|missing_column|missing_join,3,SELECT name FROM people,SELECT T1.Name FROM people AS T1 JOIN poker_player AS T2 ON T1.People_ID = T2.People_ID
660,False,missing_table|missing_column|missing_join,3,SELECT name FROM people,SELECT T1.Name FROM people AS T1 JOIN poker_player AS T2 ON T1.People_ID = T2.People_ID
661,True,,0,SELECT T1.Name FROM people AS T1 JOIN poker_player AS T2 ON T1.People_ID = T2.People_ID WHERE T2.Earnings > 300000,SELECT T1.Name FROM people AS T1 JOIN poker_player AS T2 ON T1.People_ID = T2.People_ID WHERE T2.Earnings > 300000
662,True,,0,SELECT T1.Name FROM people AS T1 JOIN poker_player AS T2 ON T1.People_ID = T2.People_ID WHERE T2.Earnings > 300000,SELECT T1.Name FROM people AS T1 JOIN poker_player AS T2 ON T1.People_ID = T2.People_ID WHERE T2.Earnings > 300000
663,True,,0,SELECT T1.Name FROM people AS T1 JOIN poker_player AS T2 ON T1.People_ID = T2.People_ID ORDER BY T2.Final_Table_Made ASC,SELECT T1.Name FROM people AS T1 JOIN poker_player AS T2 ON T1.People_ID = T2.People_ID ORDER BY T2.Final_Table_Made
664,True,,0,SELECT T1.Name FROM people AS T1 JOIN poker_player AS T2 ON T1.People_ID = T2.People_ID ORDER BY T2.Final_Table_Made ASC,SELECT T1.Name FROM people AS T1 JOIN poker_player AS T2 ON T1.People_ID = T2.People_ID ORDER BY T2.Final_Table_Made
665,True,,0,SELECT T1.Birth_Date FROM people AS T1 JOIN poker_player AS T2 ON T1.People_ID = T2.People_ID ORDER BY T2.Earnings LIMIT 1,SELECT T1.Birth_Date FROM people AS T1 JOIN poker_player AS T2 ON T1.People_ID = T2.People_ID ORDER BY T2.Earnings ASC LIMIT 1
666,True,,0,SELECT T1.Birth_Date FROM people AS T1 JOIN poker_player AS T2 ON T1.People_ID = T2.People_ID ORDER BY T2.Earnings LIMIT 1,SELECT T1.Birth_Date FROM people AS T1 JOIN poker_player AS T2 ON T1.People_ID = T2.People_ID ORDER BY T2.Earnings ASC LIMIT 1
667,True,,0,SELECT T1.Money_Rank FROM poker_player AS T1 JOIN people AS T2 ON T1.People_ID = T2.People_ID ORDER BY T2.Height DESC LIMIT 1,SELECT T2.Money_Rank FROM people AS T1 JOIN poker_player AS T2 ON T1.People_ID = T2.People_ID ORDER BY T1.Height DESC LIMIT 1
668,True,,0,SELECT T1.Money_Rank FROM poker_player AS T1 JOIN people AS T2 ON T1.People_ID = T2.People_ID ORDER BY T2.Height DESC LIMIT 1,SELECT T2.Money_Rank FROM people AS T1 JOIN poker_player AS T2 ON T1.People_ID = T2.People_ID ORDER BY T1.Height DESC LIMIT 1
669,False,missing_table|missing_column|missing_join,3,SELECT avg(Earnings) FROM poker_player WHERE Height > 200,SELECT avg(T2.Earnings) FROM people AS T1 JOIN poker_player AS T2 ON T1.People_ID = T2.People_ID WHERE T1.Height > 200
670,False,missing_table|missing_column|missing_join,3,SELECT avg(Earnings) FROM poker_player WHERE Height > 200,SELECT avg(T2.Earnings) FROM people AS T1 JOIN poker_player AS T2 ON T1.People_ID = T2.People_ID WHERE T1.Height > 200
671,True,,0,SELECT T1.Name FROM people AS T1 JOIN poker_player AS T2 ON T1.People_ID = T2.People_ID ORDER BY T2.Earnings DESC,SELECT T1.Name FROM people AS T1 JOIN poker_player AS T2 ON T1.People_ID = T2.People_ID ORDER BY T2.Earnings DESC
672,True,,0,SELECT T1.Name FROM people AS T1 JOIN poker_player AS T2 ON T1.People_ID = T2.People_ID ORDER BY T2.Earnings DESC,SELECT T1.Name FROM people AS T1 JOIN poker_player AS T2 ON T1.People_ID = T2.People_ID ORDER BY T2.Earnings DESC
673,True,,0,"SELECT Nationality , COUNT(*) FROM people GROUP BY Nationality","SELECT Nationality , COUNT(*) FROM people GROUP BY Nationality"
674,True,,0,"SELECT count(*) , Nationality FROM people GROUP BY Nationality","SELECT Nationality , COUNT(*) FROM people GROUP BY Nationality"
675,True,,0,SELECT Nationality FROM people GROUP BY Nationality ORDER BY COUNT(*) DESC LIMIT 1,SELECT Nationality FROM people GROUP BY Nationality ORDER BY COUNT(*) DESC LIMIT 1
676,True,,0,SELECT Nationality FROM people GROUP BY Nationality ORDER BY COUNT(*) DESC LIMIT 1,SELECT Nationality FROM people GROUP BY Nationality ORDER BY COUNT(*) DESC LIMIT 1
677,True,,0,SELECT Nationality FROM people GROUP BY Nationality HAVING COUNT(*) >= 2,SELECT Nationality FROM people GROUP BY Nationality HAVING COUNT(*) >= 2
678,True,,0,SELECT Nationality FROM people GROUP BY Nationality HAVING COUNT(*) >= 2,SELECT Nationality FROM people GROUP BY Nationality HAVING COUNT(*) >= 2
679,True,,0,"SELECT Name , Birth_Date FROM people ORDER BY Name ASC","SELECT Name , Birth_Date FROM people ORDER BY Name ASC"
680,True,,0,"SELECT name , birth_date FROM people ORDER BY name","SELECT Name , Birth_Date FROM people ORDER BY Name ASC"
681,True,,0,SELECT name FROM people WHERE nationality != 'Russia',"SELECT Name FROM people WHERE Nationality != ""Russia"""
682,True,,0,SELECT name FROM people WHERE nationality != 'Russia',"SELECT Name FROM people WHERE Nationality != ""Russia"""
683,False,missing_where|extra_set_operation,2,SELECT name FROM people EXCEPT SELECT name FROM poker_player,SELECT Name FROM people WHERE People_ID NOT IN (SELECT People_ID FROM poker_player)
684,True,,0,SELECT name FROM people WHERE people_id NOT IN (SELECT people_id FROM poker_player),SELECT Name FROM people WHERE People_ID NOT IN (SELECT People_ID FROM poker_player)
685,True,,0,SELECT count(DISTINCT Nationality) FROM people,SELECT count(DISTINCT Nationality) FROM people
686,True,,0,SELECT count(DISTINCT Nationality) FROM people,SELECT count(DISTINCT Nationality) FROM people
687,True,,0,SELECT count(*) FROM area_code_state,SELECT count(*) FROM area_code_state
688,True,,0,"SELECT contestant_number , contestant_name FROM CONTESTANTS ORDER BY contestant_name DESC","SELECT contestant_number , contestant_name FROM contestants ORDER BY contestant_name DESC"
689,True,,0,"SELECT vote_id , phone_number , state FROM VOTES","SELECT vote_id , phone_number , state FROM votes"
690,True,,0,"SELECT max(area_code) , min(area_code) FROM AREA_CODE_STATE","SELECT max(area_code) , min(area_code) FROM area_code_state"
691,True,,0,"SELECT max(created) FROM VOTES WHERE state = ""CA""",SELECT max(created) FROM votes WHERE state = 'CA'
692,True,,0,"SELECT contestant_name FROM CONTESTANTS WHERE contestant_name != ""Jessie Alloway""",SELECT contestant_name FROM contestants WHERE contestant_name != 'Jessie Alloway'
693,True,,0,"SELECT DISTINCT state , created FROM VOTES","SELECT DISTINCT state , created FROM votes"
694,True,,0,"SELECT T1.contestant_number , T2.contestant_name FROM CONTESTANTS AS T1 JOIN VOTES AS T2 ON T1.contestant_number = T2.contestant_number GROUP BY T1.contestant_number HAVING COUNT(*) >= 2","SELECT T1.contestant_number , T1.contestant_name FROM contestants AS T1 JOIN votes AS T2 ON T1.contestant_number = T2.contestant_number GROUP BY T1.contestant_number HAVING count(*) >= 2"
695,False,missing_group_by,1,"SELECT T1.contestant_number , T2.contestant_name FROM CONTESTANTS AS T1 JOIN VOTES AS T2 ON T1.contestant_number = T2.contestant_number ORDER BY count(*) ASC LIMIT 1","SELECT T1.contestant_number , T1.contestant_name FROM contestants AS T1 JOIN votes AS T2 ON T1.contestant_number = T2.contestant_number GROUP BY T1.contestant_number ORDER BY count(*) ASC LIMIT 1"
696,True,,0,SELECT count(*) FROM VOTES WHERE state = 'NY' OR state = 'CA',SELECT count(*) FROM votes WHERE state = 'NY' OR state = 'CA'
697,True,,0,SELECT count(*) FROM CONTESTANTS WHERE contestant_number NOT IN ( SELECT contestant_number FROM VOTES ),SELECT count(*) FROM contestants WHERE contestant_number NOT IN ( SELECT contestant_number FROM votes )
698,True,,0,SELECT T1.area_code FROM area_code_state AS T1 JOIN votes AS T2 ON T1.state = T2.state GROUP BY T1.area_code ORDER BY COUNT(*) DESC LIMIT 1,SELECT T1.area_code FROM area_code_state AS T1 JOIN votes AS T2 ON T1.state = T2.state GROUP BY T1.area_code ORDER BY count(*) DESC LIMIT 1
699,True,,0,"SELECT T1.created , T2.state , T1.phone_number FROM VOTES AS T1 JOIN CONTESTANTS AS T2 ON T1.contestant_number = T2.contestant_number WHERE T2.contestant_name = ""Tabatha Gehling""","SELECT T2.created , T2.state , T2.phone_number FROM contestants AS T1 JOIN votes AS T2 ON T1.contestant_number = T2.contestant_number WHERE T1.contestant_name = 'Tabatha Gehling'"
700,False,extra_distinct|wrong_set_op_branch,2,SELECT DISTINCT T1.area_code FROM area_code_state AS T1 JOIN votes AS T2 ON T1.state = T2.state JOIN CONTESTANTS AS T3 ON T2.contestant_number = T3.contestant_number WHERE T3.contestant_name = 'Tabatha Gehling' INTERSECT SELECT DISTINCT T1.area_code FROM area_code_state AS T1 JOIN votes AS T2 ON T1.state = T2.state JOIN CONTESTANTS AS T3 ON T2.contestant_number = T3.contestant_number WHERE T3.contestant_name = 'Kelly Clauss',SELECT T3.area_code FROM contestants AS T1 JOIN votes AS T2 ON T1.contestant_number = T2.contestant_number JOIN area_code_state AS T3 ON T2.state = T3.state WHERE T1.contestant_name = 'Tabatha Gehling' INTERSECT SELECT T3.area_code FROM contestants AS T1 JOIN votes AS T2 ON T1.contestant_number = T2.contestant_number JOIN area_code_state AS T3 ON T2.state = T3.state WHERE T1.contestant_name = 'Kelly Clauss'
701,True,,0,SELECT contestant_name FROM CONTESTANTS WHERE contestant_name LIKE '%Al%',"select contestant_name from contestants where contestant_name like ""%al%"""
702,True,,0,SELECT Name FROM country WHERE IndepYear > 1950,SELECT Name FROM country WHERE IndepYear > 1950
703,True,,0,SELECT Name FROM country WHERE IndepYear > 1950,SELECT Name FROM country WHERE IndepYear > 1950
704,True,,0,SELECT count(*) FROM country WHERE GovernmentForm = 'Republic',"SELECT count(*) FROM country WHERE GovernmentForm = ""Republic"""
705,True,,0,SELECT COUNT(*) FROM country WHERE GovernmentForm = 'republic',"SELECT count(*) FROM country WHERE GovernmentForm = ""Republic"""
706,False,hallucinated_table|hallucinated_column|extra_join,3,"SELECT sum(T1.SurfaceArea) FROM country AS T1 JOIN region AS T2 ON T1.Region = T2.Code WHERE T2.Name = ""Caribbean""","SELECT sum(SurfaceArea) FROM country WHERE Region = ""Caribbean"""
707,False,hallucinated_table|hallucinated_column|extra_join,3,"SELECT sum(T1.SurfaceArea) FROM country AS T1 JOIN region AS T2 ON T1.Code = T2.Code WHERE T2.Name = ""Caribbean""","SELECT sum(SurfaceArea) FROM country WHERE Region = ""Caribbean"""
708,False,hallucinated_table|hallucinated_column|extra_join,3,"SELECT T1.Continent FROM country AS T1 JOIN city AS T2 ON T1.Code = T2.CountryCode WHERE T2.Name = ""Anguilla""","SELECT Continent FROM country WHERE Name = ""Anguilla"""
709,False,hallucinated_table|hallucinated_column|extra_join,3,"SELECT T1.Continent FROM country AS T1 JOIN city AS T2 ON T1.Code = T2.CountryCode WHERE T2.Name = ""Anguilla""","SELECT Continent FROM country WHERE Name = ""Anguilla"""
710,False,hallucinated_column,1,"SELECT T1.Region FROM country AS T1 JOIN city AS T2 ON T1.Code = T2.CountryCode WHERE T2.Name = ""Kabul""","SELECT Region FROM country AS T1 JOIN city AS T2 ON T1.Code = T2.CountryCode WHERE T2.Name = ""Kabul"""
711,False,hallucinated_column,1,"SELECT T1.Region FROM country AS T1 JOIN city AS T2 ON T1.Code = T2.CountryCode WHERE T2.Name = ""Kabul""","SELECT Region FROM country AS T1 JOIN city AS T2 ON T1.Code = T2.CountryCode WHERE T2.Name = ""Kabul"""
712,False,hallucinated_column,1,"SELECT t1.language FROM country AS t3 JOIN countrylanguage AS t1 ON t3.code = t1.countrycode WHERE t3.name = ""Aruba"" ORDER BY t1.percentage DESC LIMIT 1","SELECT T2.Language FROM country AS T1 JOIN countrylanguage AS T2 ON T1.Code = T2.CountryCode WHERE T1.Name = ""Aruba"" ORDER BY Percentage DESC LIMIT 1"
713,False,hallucinated_column,1,"SELECT T1.Language FROM country AS T1 JOIN countrylanguage AS T2 ON T1.Code = T2.CountryCode WHERE T1.Name = ""Aruba"" ORDER BY T2.Percentage DESC LIMIT 1","SELECT T2.Language FROM country AS T1 JOIN countrylanguage AS T2 ON T1.Code = T2.CountryCode WHERE T1.Name = ""Aruba"" ORDER BY Percentage DESC LIMIT 1"
714,True,,0,"SELECT Population , LifeExpectancy FROM country WHERE Name = ""Brazil""","SELECT Population , LifeExpectancy FROM country WHERE Name = ""Brazil"""
715,True,,0,"SELECT Population , LifeExpectancy FROM country WHERE Name = ""Brazil""","SELECT Population , LifeExpectancy FROM country WHERE Name = ""Brazil"""
716,True,,0,"SELECT region , population FROM country WHERE name = ""Angola""","SELECT Population , Region FROM country WHERE Name = ""Angola"""
717,False,hallucinated_table|hallucinated_column|extra_join,3,"SELECT T1.Region , T1.Population FROM country AS T1 JOIN city AS T2 ON T1.Code = T2.CountryCode WHERE T2.Name = ""Angola""","SELECT Population , Region FROM country WHERE Name = ""Angola"""
718,True,,0,SELECT avg(LifeExpectancy) FROM country WHERE Region = 'Central Africa',"SELECT avg(LifeExpectancy) FROM country WHERE Region = ""Central Africa"""
719,True,,0,"SELECT avg(LifeExpectancy) FROM country WHERE Region = ""Central Africa""","SELECT avg(LifeExpectancy) FROM country WHERE Region = ""Central Africa"""
720,False,hallucinated_column|extra_join,2,SELECT T1.Name FROM country AS T1 JOIN country AS T2 ON T1.Code = T2.Code WHERE T2.Region = 'Asia' ORDER BY T1.LifeExpectancy LIMIT 1,"SELECT Name FROM country WHERE Continent = ""Asia"" ORDER BY LifeExpectancy LIMIT 1"
721,False,hallucinated_column|extra_join,2,"SELECT T1.Name FROM country AS T1 JOIN country AS T2 ON T1.Code = T2.Capital WHERE T2.Region = ""Asia"" ORDER BY T2.LifeExpectancy LIMIT 1","SELECT Name FROM country WHERE Continent = ""Asia"" ORDER BY LifeExpectancy LIMIT 1"
722,False,hallucinated_table|hallucinated_column|extra_join,3,"SELECT sum(T1.population) , max(T3.GNP) FROM country AS T1 JOIN city AS T2 ON T1.ID = T2.Capital JOIN countrylanguage AS T3 ON T1.Code = T3.CountryCode WHERE T1.Continent = ""Asia""","SELECT sum(Population) , max(GNP) FROM country WHERE Continent = ""Asia"""
723,False,hallucinated_table|hallucinated_column|extra_join,3,"SELECT sum(T1.population) , max(T3.GNP) FROM country AS T1 JOIN countrylanguage AS T2 ON T1.code = T2.CountryCode JOIN country AS T3 ON T1.code = T3.capital WHERE T1.continent = ""Asia""","SELECT sum(Population) , max(GNP) FROM country WHERE Continent = ""Asia"""
724,True,,0,"SELECT avg(LifeExpectancy) FROM country WHERE Region = ""Africa"" AND GovernmentForm = ""Republic""","SELECT avg(LifeExpectancy) FROM country WHERE Continent = ""Africa"" AND GovernmentForm = ""Republic"""
725,False,hallucinated_column|extra_join,2,"SELECT avg(T1.LifeExpectancy) FROM country AS T1 JOIN country AS T2 ON T1.Code = T2.Capital WHERE T2.Region = ""Africa"" AND T2.GovernmentForm = ""Republic""","SELECT avg(LifeExpectancy) FROM country WHERE Continent = ""Africa"" AND GovernmentForm = ""Republic"""
726,False,hallucinated_table|hallucinated_column|extra_join,3,SELECT sum(T1.SurfaceArea) FROM country AS T1 JOIN continent AS T2 ON T1.Continent = T2.Code WHERE T2.Name = 'Asia' OR T2.Name = 'Europe',"SELECT sum(SurfaceArea) FROM country WHERE Continent = ""Asia"" OR Continent = ""Europe"""
727,False,hallucinated_table|hallucinated_column|extra_join,3,SELECT sum(T1.SurfaceArea) FROM country AS T1 JOIN region AS T2 ON T1.Region = T2.Code WHERE T2.Name = 'Asia' OR T2.Name = 'Europe',"SELECT sum(SurfaceArea) FROM country WHERE Continent = ""Asia"" OR Continent = ""Europe"""
728,False,missing_aggregation,1,"SELECT population FROM city WHERE district = ""Gelderland""","SELECT sum(Population) FROM city WHERE District = ""Gelderland"""
729,False,hallucinated_table|hallucinated_column|extra_join,3,SELECT sum(T1.population) FROM city AS T1 JOIN country AS T2 ON T1.CountryCode = T2.Code WHERE T2.District = 'Gelderland',"SELECT sum(Population) FROM city WHERE District = ""Gelderland"""
730,True,,0,"SELECT avg(GNP) , sum(Population) FROM country WHERE GovernmentForm = 'US'","SELECT avg(GNP) , sum(population) FROM country WHERE GovernmentForm = ""US Territory"""
731,True,,0,"SELECT avg(GNP) , sum(Population) FROM country WHERE Region = 'US'","SELECT avg(GNP) , sum(population) FROM country WHERE GovernmentForm = ""US Territory"""
732,True,,0,SELECT count(DISTINCT language) FROM countrylanguage,SELECT count(DISTINCT LANGUAGE) FROM countrylanguage
733,True,,0,SELECT count(DISTINCT language) FROM countrylanguage,SELECT count(DISTINCT LANGUAGE) FROM countrylanguage
734,True,,0,"SELECT count(DISTINCT governmentform) FROM country WHERE region = ""Africa""","SELECT count(DISTINCT GovernmentForm) FROM country WHERE Continent = ""Africa"""
735,True,,0,SELECT count(DISTINCT governmentform) FROM country WHERE region = 'Africa',"SELECT count(DISTINCT GovernmentForm) FROM country WHERE Continent = ""Africa"""
736,True,,0,"SELECT count(DISTINCT T1.Language) FROM country AS T1 JOIN countrylanguage AS T2 ON T1.Code = T2.CountryCode WHERE T1.Name = ""Aruba""","SELECT COUNT(T2.Language) FROM country AS T1 JOIN countrylanguage AS T2 ON T1.Code = T2.CountryCode WHERE T1.Name = ""Aruba"""
737,False,missing_table|missing_column|wrong_select_column|missing_select_column|missing_join,5,SELECT count(DISTINCT language) FROM countrylanguage WHERE countrycode = 106,"SELECT COUNT(T2.Language) FROM country AS T1 JOIN countrylanguage AS T2 ON T1.Code = T2.CountryCode WHERE T1.Name = ""Aruba"""
738,False,missing_table|missing_column|missing_join,3,SELECT count(*) FROM countrylanguage WHERE Language = 'Dari' AND IsOfficial = 'Y',"SELECT COUNT(*) FROM country AS T1 JOIN countrylanguage AS T2 ON T1.Code = T2.CountryCode WHERE T1.Name = ""Afghanistan"" AND IsOfficial = ""T"""
739,False,missing_table|missing_column|missing_join,3,SELECT count(*) FROM countrylanguage WHERE Language = 'Dari' AND IsOfficial = 'Y',"SELECT COUNT(*) FROM country AS T1 JOIN countrylanguage AS T2 ON T1.Code = T2.CountryCode WHERE T1.Name = ""Afghanistan"" AND IsOfficial = ""T"""
740,True,,0,SELECT T1.Name FROM country AS T1 JOIN countrylanguage AS T2 ON T1.Code = T2.CountryCode GROUP BY T1.Name ORDER BY COUNT(*) DESC LIMIT 1,SELECT T1.Name FROM country AS T1 JOIN countrylanguage AS T2 ON T1.Code = T2.CountryCode GROUP BY T1.Name ORDER BY COUNT(*) DESC LIMIT 1
741,True,,0,SELECT T1.Name FROM country AS T1 JOIN countrylanguage AS T2 ON T1.Code = T2.CountryCode GROUP BY T1.Name ORDER BY COUNT(*) DESC LIMIT 1,SELECT T1.Name FROM country AS T1 JOIN countrylanguage AS T2 ON T1.Code = T2.CountryCode GROUP BY T1.Name ORDER BY COUNT(*) DESC LIMIT 1
742,False,hallucinated_column|wrong_order_by_column,2,SELECT T1.Continent FROM country AS T1 JOIN countrylanguage AS T2 ON T1.Code = T2.CountryCode GROUP BY T1.Continent ORDER BY COUNT(DISTINCT T2.Language) DESC LIMIT 1,SELECT T1.Continent FROM country AS T1 JOIN countrylanguage AS T2 ON T1.Code = T2.CountryCode GROUP BY T1.Continent ORDER BY COUNT(*) DESC LIMIT 1
743,True,,0,SELECT T1.Continent FROM country AS T1 JOIN countrylanguage AS T2 ON T1.Code = T2.CountryCode GROUP BY T1.Continent ORDER BY COUNT(*) DESC LIMIT 1,SELECT T1.Continent FROM country AS T1 JOIN countrylanguage AS T2 ON T1.Code = T2.CountryCode GROUP BY T1.Continent ORDER BY COUNT(*) DESC LIMIT 1
744,False,missing_column|wrong_aggregation|wrong_set_op_branch|missing_subquery,4,"SELECT COUNT(*) FROM country AS T1 JOIN countrylanguage AS T2 ON T1.Code = T2.CountryCode WHERE T2.Language = ""English"" INTERSECT SELECT COUNT(*) FROM country AS T1 JOIN countrylanguage AS T2 ON T1.Code = T2.CountryCode WHERE T2.Language = ""Dutch""","SELECT COUNT(*) FROM (SELECT T1.Name FROM country AS T1 JOIN countrylanguage AS T2 ON T1.Code = T2.CountryCode WHERE T2.Language = ""English"" INTERSECT SELECT T1.Name FROM country AS T1 JOIN countrylanguage AS T2 ON T1.Code = T2.CountryCode WHERE T2.Language = ""Dutch"")"
745,False,missing_table|missing_column|missing_join|wrong_aggregation|wrong_set_op_branch|missing_subquery,6,"SELECT count(*) FROM country WHERE language = ""English"" INTERSECT SELECT count(*) FROM country WHERE language = ""Dutch""","SELECT COUNT(*) FROM (SELECT T1.Name FROM country AS T1 JOIN countrylanguage AS T2 ON T1.Code = T2.CountryCode WHERE T2.Language = ""English"" INTERSECT SELECT T1.Name FROM country AS T1 JOIN countrylanguage AS T2 ON T1.Code = T2.CountryCode WHERE T2.Language = ""Dutch"")"
746,True,,0,"SELECT T1.Name FROM country AS T1 JOIN countrylanguage AS T2 ON T1.Code = T2.CountryCode WHERE T2.Language = ""English"" INTERSECT SELECT T1.Name FROM country AS T1 JOIN countrylanguage AS T2 ON T1.Code = T2.CountryCode WHERE T2.Language = ""French""","SELECT T1.Name FROM country AS T1 JOIN countrylanguage AS T2 ON T1.Code = T2.CountryCode WHERE T2.Language = ""English"" INTERSECT SELECT T1.Name FROM country AS T1 JOIN countrylanguage AS T2 ON T1.Code = T2.CountryCode WHERE T2.Language = ""French"""
747,True,,0,"SELECT T1.Name FROM country AS T1 JOIN countrylanguage AS T2 ON T1.Code = T2.CountryCode WHERE T2.Language = ""English"" INTERSECT SELECT T1.Name FROM country AS T1 JOIN countrylanguage AS T2 ON T1.Code = T2.CountryCode WHERE T2.Language = ""French""","SELECT T1.Name FROM country AS T1 JOIN countrylanguage AS T2 ON T1.Code = T2.CountryCode WHERE T2.Language = ""English"" INTERSECT SELECT T1.Name FROM country AS T1 JOIN countrylanguage AS T2 ON T1.Code = T2.CountryCode WHERE T2.Language = ""French"""
748,False,missing_column|wrong_set_op_branch,2,"SELECT T1.Name FROM country AS T1 JOIN countrylanguage AS T2 ON T1.Code = T2.CountryCode WHERE T2.Language = ""English"" INTERSECT SELECT T1.Name FROM country AS T1 JOIN countrylanguage AS T2 ON T1.Code = T2.CountryCode WHERE T2.Language = ""French""","SELECT T1.Name FROM country AS T1 JOIN countrylanguage AS T2 ON T1.Code = T2.CountryCode WHERE T2.Language = ""English"" AND T2.IsOfficial = ""T"" INTERSECT SELECT T1.Name FROM country AS T1 JOIN countrylanguage AS T2 ON T1.Code = T2.CountryCode WHERE T2.Language = ""French"" AND T2.IsOfficial = ""T"""
749,False,missing_column|wrong_set_op_branch,2,"SELECT T1.Name FROM country AS T1 JOIN countrylanguage AS T2 ON T1.Code = T2.CountryCode WHERE T2.Language = ""English"" INTERSECT SELECT T1.Name FROM country AS T1 JOIN countrylanguage AS T2 ON T1.Code = T2.CountryCode WHERE T2.Language = ""French""","SELECT T1.Name FROM country AS T1 JOIN countrylanguage AS T2 ON T1.Code = T2.CountryCode WHERE T2.Language = ""English"" AND T2.IsOfficial = ""T"" INTERSECT SELECT T1.Name FROM country AS T1 JOIN countrylanguage AS T2 ON T1.Code = T2.CountryCode WHERE T2.Language = ""French"" AND T2.IsOfficial = ""T"""
750,False,hallucinated_column|wrong_select_column|missing_select_column,3,"SELECT count(DISTINCT T1.continent) FROM country AS T1 JOIN countrylanguage AS T2 ON T1.code = T2.countrycode WHERE T2.language = ""Chinese""","SELECT COUNT( DISTINCT Continent) FROM country AS T1 JOIN countrylanguage AS T2 ON T1.Code = T2.CountryCode WHERE T2.Language = ""Chinese"""
751,False,hallucinated_column|wrong_select_column|missing_select_column,3,"SELECT COUNT(DISTINCT T1.Name) FROM country AS T1 JOIN countrylanguage AS T2 ON T1.Code = T2.CountryCode WHERE T2.Language = ""Chinese""","SELECT COUNT( DISTINCT Continent) FROM country AS T1 JOIN countrylanguage AS T2 ON T1.Code = T2.CountryCode WHERE T2.Language = ""Chinese"""
752,False,missing_table|hallucinated_table|missing_column,3,"SELECT DISTINCT T1.Region FROM region AS T1 JOIN country AS T2 ON T1.Code = T2.Region WHERE T2.Language = ""English"" OR T2.Language = ""Dutch""","SELECT DISTINCT T1.Region FROM country AS T1 JOIN countrylanguage AS T2 ON T1.Code = T2.CountryCode WHERE T2.Language = ""English"" OR T2.Language = ""Dutch"""
753,False,missing_table|hallucinated_table,2,"SELECT DISTINCT T1.Region FROM region AS T1 JOIN countrylanguage AS T2 ON T1.Code = T2.CountryCode WHERE T2.Language = ""Dutch"" OR T2.Language = ""English""","SELECT DISTINCT T1.Region FROM country AS T1 JOIN countrylanguage AS T2 ON T1.Code = T2.CountryCode WHERE T2.Language = ""English"" OR T2.Language = ""Dutch"""
754,False,wrong_join_count|extra_distinct|missing_set_operation|wrong_set_op_branch|missing_subquery,5,"SELECT DISTINCT t1.name FROM country AS t1 JOIN countrylanguage AS t2 ON t1.code = t2.countrycode WHERE t2.language = ""English"" OR t2.language = ""Dutch""","select t1.name from country as t1 join countrylanguage as t2 on t1.code = t2.countrycode where t2.language = ""english"" and isofficial = ""t"" union select t1.name from country as t1 join countrylanguage as t2 on t1.code = t2.countrycode where t2.language = ""dutch"" and isofficial = ""t"""
755,False,hallucinated_column|wrong_select_column|missing_select_column|wrong_join_count|extra_distinct|missing_set_operation|wrong_set_op_branch|missing_subquery,8,"SELECT DISTINCT t1.name FROM country AS t1 JOIN countrylanguage AS t2 ON t1.code = t2.countrycode WHERE t2.language = ""English"" OR t2.language = ""Dutch""","SELECT * FROM country AS T1 JOIN countrylanguage AS T2 ON T1.Code = T2.CountryCode WHERE T2.Language = ""English"" AND IsOfficial = ""T"" UNION SELECT * FROM country AS T1 JOIN countrylanguage AS T2 ON T1.Code = T2.CountryCode WHERE T2.Language = ""Dutch"" AND IsOfficial = ""T"""
756,False,hallucinated_column|missing_aggregation|missing_group_by|wrong_order_by_column,4,SELECT t1.language FROM country AS t2 JOIN countrylanguage AS t1 ON t2.code = t1.countrycode WHERE t2.continent = 'Asia' ORDER BY t1.percentage DESC LIMIT 1,"SELECT T2.Language FROM country AS T1 JOIN countrylanguage AS T2 ON T1.Code = T2.CountryCode WHERE T1.Continent = ""Asia"" GROUP BY T2.Language ORDER BY COUNT (*) DESC LIMIT 1"
757,True,,0,"SELECT T1.Language FROM country AS T1 JOIN countrylanguage AS T2 ON T1.Code = T2.CountryCode WHERE T1.Continent = ""Asia"" GROUP BY T1.Language ORDER BY COUNT(*) DESC LIMIT 1","SELECT T2.Language FROM country AS T1 JOIN countrylanguage AS T2 ON T1.Code = T2.CountryCode WHERE T1.Continent = ""Asia"" GROUP BY T2.Language ORDER BY COUNT (*) DESC LIMIT 1"
758,True,,0,SELECT T1.Language FROM country AS T1 JOIN countrylanguage AS T2 ON T1.Code = T2.CountryCode WHERE T1.GovernmentForm = 'republic' GROUP BY T1.Language HAVING COUNT(*) = 1,"SELECT T2.Language FROM country AS T1 JOIN countrylanguage AS T2 ON T1.Code = T2.CountryCode WHERE T1.GovernmentForm = ""Republic"" GROUP BY T2.Language HAVING COUNT(*) = 1"
759,True,,0,SELECT T1.Language FROM country AS T1 JOIN countrylanguage AS T2 ON T1.Code = T2.CountryCode WHERE T1.GovernmentForm = 'Republic' GROUP BY T1.Language HAVING COUNT(*) = 1,"SELECT T2.Language FROM country AS T1 JOIN countrylanguage AS T2 ON T1.Code = T2.CountryCode WHERE T1.GovernmentForm = ""Republic"" GROUP BY T2.Language HAVING COUNT(*) = 1"
760,False,hallucinated_column|missing_select_column,2,"SELECT T1.Name FROM city AS T1 JOIN countrylanguage AS T2 ON T1.ID = T2.CountryCode WHERE T2.Language = ""English"" ORDER BY T1.Population DESC LIMIT 1","SELECT T1.Name , T1.Population FROM city AS T1 JOIN countrylanguage AS T2 ON T1.CountryCode = T2.CountryCode WHERE T2.Language = ""English"" ORDER BY T1.Population DESC LIMIT 1"
761,False,hallucinated_column|missing_select_column,2,"SELECT T1.Name FROM city AS T1 JOIN countrylanguage AS T2 ON T1.ID = T2.CountryCode WHERE T2.Language = ""English"" ORDER BY T1.Population DESC LIMIT 1","SELECT T1.Name , T1.Population FROM city AS T1 JOIN countrylanguage AS T2 ON T1.CountryCode = T2.CountryCode WHERE T2.Language = ""English"" ORDER BY T1.Population DESC LIMIT 1"
762,False,hallucinated_table|hallucinated_column|extra_join,3,"SELECT T1.Name , T1.Population , T1.LifeExpectancy FROM country AS T1 JOIN region AS T2 ON T1.Code = T2.Code WHERE T2.Region = 'Asia' ORDER BY T1.SurfaceArea DESC LIMIT 1","SELECT Name , Population , LifeExpectancy FROM country WHERE Continent = ""Asia"" ORDER BY SurfaceArea DESC LIMIT 1"
763,False,hallucinated_table|hallucinated_column|extra_join,3,"SELECT T1.Name , T1.Population , T1.LifeExpectancy FROM country AS T1 JOIN city AS T2 ON T1.Capital = T2.ID WHERE T1.Continent = ""Asia"" ORDER BY T1.SurfaceArea DESC LIMIT 1","SELECT Name , Population , LifeExpectancy FROM country WHERE Continent = ""Asia"" ORDER BY SurfaceArea DESC LIMIT 1"
764,False,missing_column,1,"SELECT avg(LifeExpectancy) FROM country WHERE Name NOT IN ( SELECT T1.Name FROM country AS T1 JOIN countrylanguage AS T2 ON T1.Code = T2.CountryCode WHERE T2.Language = ""English"" )","SELECT avg(LifeExpectancy) FROM country WHERE Name NOT IN (SELECT T1.Name FROM country AS T1 JOIN countrylanguage AS T2 ON T1.Code = T2.CountryCode WHERE T2.Language = ""English"" AND T2.IsOfficial = ""T"")"
765,False,hallucinated_column|missing_column|wrong_where_operator|missing_subquery,4,"SELECT avg(T1.LifeExpectancy) FROM country AS T1 JOIN countrylanguage AS T2 ON T1.Code = T2.CountryCode WHERE T2.Language != ""English""","SELECT avg(LifeExpectancy) FROM country WHERE Name NOT IN (SELECT T1.Name FROM country AS T1 JOIN countrylanguage AS T2 ON T1.Code = T2.CountryCode WHERE T2.Language = ""English"" AND T2.IsOfficial = ""T"")"
766,False,hallucinated_column|missing_column|wrong_where_operator|missing_subquery,4,"SELECT sum(T1.population) FROM country AS T1 JOIN countrylanguage AS T2 ON T1.code = T2.countrycode WHERE T2.language != ""English""","SELECT sum(Population) FROM country WHERE Name NOT IN (SELECT T1.Name FROM country AS T1 JOIN countrylanguage AS T2 ON T1.Code = T2.CountryCode WHERE T2.Language = ""English"")"
767,False,wrong_select_column|missing_select_column|wrong_aggregation,3,"SELECT COUNT(*) FROM country WHERE Name NOT IN ( SELECT T1.Name FROM country AS T1 JOIN countrylanguage AS T2 ON T1.Code = T2.CountryCode WHERE T2.Language = ""English"" )","SELECT sum(Population) FROM country WHERE Name NOT IN (SELECT T1.Name FROM country AS T1 JOIN countrylanguage AS T2 ON T1.Code = T2.CountryCode WHERE T2.Language = ""English"")"
768,True,,0,"SELECT T1.Language FROM country AS T1 JOIN countrylanguage AS T2 ON T1.Code = T2.CountryCode WHERE T1.HeadOfState = ""Beatrix"" AND T2.IsOfficial = ""T""","SELECT T2.Language FROM country AS T1 JOIN countrylanguage AS T2 ON T1.Code = T2.CountryCode WHERE T1.HeadOfState = ""Beatrix"" AND T2.IsOfficial = ""T"""
769,True,,0,"SELECT T1.Language FROM country AS T1 JOIN countrylanguage AS T2 ON T1.Code = T2.CountryCode WHERE T1.HeadOfState = ""Beatrix"" AND T2.IsOfficial = ""yes""","SELECT T2.Language FROM country AS T1 JOIN countrylanguage AS T2 ON T1.Code = T2.CountryCode WHERE T1.HeadOfState = ""Beatrix"" AND T2.IsOfficial = ""T"""
770,False,hallucinated_column|missing_column,2,SELECT count(DISTINCT T1.Language) FROM country AS T1 JOIN countrylanguage AS T2 ON T1.Code = T2.CountryCode WHERE T1.IndepYear < 1930,"SELECT count(DISTINCT T2.Language) FROM country AS T1 JOIN countrylanguage AS T2 ON T1.Code = T2.CountryCode WHERE IndepYear < 1930 AND T2.IsOfficial = ""T"""
771,False,hallucinated_column|missing_column,2,SELECT count(DISTINCT T1.Language) FROM country AS T1 JOIN countrylanguage AS T2 ON T1.Code = T2.CountryCode WHERE T1.IndepYear < 1930,"SELECT count(DISTINCT T2.Language) FROM country AS T1 JOIN countrylanguage AS T2 ON T1.Code = T2.CountryCode WHERE IndepYear < 1930 AND T2.IsOfficial = ""T"""
772,False,wrong_aggregation,1,SELECT Name FROM country WHERE SurfaceArea > ( SELECT max(SurfaceArea) FROM country WHERE Region = 'Europe' ),"SELECT Name FROM country WHERE SurfaceArea > (SELECT min(SurfaceArea) FROM country WHERE Continent = ""Europe"")"
773,False,wrong_aggregation,1,SELECT Name FROM country WHERE SurfaceArea > ( SELECT max(SurfaceArea) FROM country WHERE Region = 'Europe' ),"SELECT Name FROM country WHERE SurfaceArea > (SELECT min(SurfaceArea) FROM country WHERE Continent = ""Europe"")"
774,False,wrong_aggregation,1,SELECT name FROM country WHERE population < ( SELECT min(population) FROM country WHERE region = 'Asia' ) AND continent = 'Africa',"SELECT Name FROM country WHERE Continent = ""Africa"" AND population < (SELECT max(population) FROM country WHERE Continent = ""Asia"")"
775,True,,0,SELECT Name FROM country WHERE Population < ( SELECT min(Population) FROM country WHERE Region = 'Asia' ) AND Continent = 'Africa',"SELECT Name FROM country WHERE Continent = ""Africa"" AND population < (SELECT min(population) FROM country WHERE Continent = ""Asia"")"
776,True,,0,"SELECT Name FROM country WHERE Population > ( SELECT max(Population) FROM country WHERE Region = ""Africa"" ) AND Region = ""Asia""","SELECT Name FROM country WHERE Continent = ""Asia"" AND population > (SELECT max(population) FROM country WHERE Continent = ""Africa"")"
777,False,wrong_aggregation,1,"SELECT name FROM country WHERE continent = ""Asia"" AND population > ( SELECT max( population ) FROM country WHERE continent = ""Africa"" )","SELECT Name FROM country WHERE Continent = ""Asia"" AND population > (SELECT min(population) FROM country WHERE Continent = ""Africa"")"
778,False,missing_table|hallucinated_table|wrong_select_column|missing_select_column|missing_set_operation|wrong_set_op_branch|missing_subquery,7,"SELECT code FROM country WHERE language != ""English""","SELECT CountryCode FROM countrylanguage EXCEPT SELECT CountryCode FROM countrylanguage WHERE LANGUAGE = ""English"""
779,False,missing_table|hallucinated_table|wrong_select_column|missing_select_column|missing_set_operation|wrong_set_op_branch|missing_subquery,7,"SELECT code FROM country WHERE language != ""English""","SELECT CountryCode FROM countrylanguage EXCEPT SELECT CountryCode FROM countrylanguage WHERE LANGUAGE = ""English"""
780,False,missing_table|hallucinated_table|wrong_select_column|missing_select_column|missing_distinct,5,"SELECT code FROM country WHERE language != ""english""","SELECT DISTINCT CountryCode FROM countrylanguage WHERE LANGUAGE != ""English"""
781,False,missing_table|hallucinated_table|wrong_select_column|missing_select_column|missing_distinct,5,"SELECT code FROM country WHERE language != ""english""","SELECT DISTINCT CountryCode FROM countrylanguage WHERE LANGUAGE != ""English"""
782,False,wrong_set_op_branch,1,SELECT code FROM country WHERE governmentform != 'Republic' EXCEPT SELECT code FROM countrylanguage WHERE language = 'English',"SELECT Code FROM country WHERE GovernmentForm != ""Republic"" EXCEPT SELECT CountryCode FROM countrylanguage WHERE LANGUAGE = ""English"""
783,False,hallucinated_table|hallucinated_column|extra_join|wrong_set_op_branch,4,"SELECT code FROM country WHERE governmentform != ""Republic"" EXCEPT SELECT T1.code FROM country AS T1 JOIN countrylanguage AS T2 ON T1.code = T2.countrycode WHERE T2.language = ""English""","SELECT Code FROM country WHERE GovernmentForm != ""Republic"" EXCEPT SELECT CountryCode FROM countrylanguage WHERE LANGUAGE = ""English"""
784,False,missing_table|missing_column|missing_join|missing_distinct|wrong_where_operator|extra_set_operation|extra_subquery,7,"SELECT Name FROM city WHERE CountryCode IN ( SELECT Code FROM country WHERE Continent = ""Europe"" ) EXCEPT SELECT Name FROM city WHERE CountryCode IN ( SELECT Code FROM country WHERE Code IN ( SELECT CountryCode FROM countrylanguage WHERE Language = ""English"" ) )",SELECT DISTINCT T2.Name FROM country AS T1 JOIN city AS T2 ON T2.CountryCode = T1.Code WHERE T1.Continent = 'Europe' AND T1.Name NOT IN (SELECT T3.Name FROM country AS T3 JOIN countrylanguage AS T4 ON T3.Code = T4.CountryCode WHERE T4.IsOfficial = 'T' AND T4.Language = 'English')
785,False,missing_table|missing_column|wrong_join_count|missing_distinct|wrong_where_operator|extra_set_operation|extra_subquery,7,"SELECT Name FROM city WHERE CountryCode IN ( SELECT Code FROM country WHERE Region = ""Europe"" ) EXCEPT SELECT T1.Name FROM city AS T1 JOIN countrylanguage AS T2 ON T1.CountryCode = T2.CountryCode WHERE T2.Language = ""English""",SELECT DISTINCT T2.Name FROM country AS T1 JOIN city AS T2 ON T2.CountryCode = T1.Code WHERE T1.Continent = 'Europe' AND T1.Name NOT IN (SELECT T3.Name FROM country AS T3 JOIN countrylanguage AS T4 ON T3.Code = T4.CountryCode WHERE T4.IsOfficial = 'T' AND T4.Language = 'English')
786,False,missing_table|hallucinated_column|wrong_where_operator|extra_subquery,4,"SELECT DISTINCT T1.Name FROM city AS T1 JOIN countrylanguage AS T2 ON T1.ID = T2.CountryCode WHERE T2.Language = ""Chinese"" AND T1.CountryCode IN ( SELECT T3.Code FROM country AS T3 JOIN countrylanguage AS T4 ON T3.Code = T4.CountryCode WHERE T4.IsOfficial = ""yes"" ) AND T3.Continent = ""Asia""","select distinct t3.name from country as t1 join countrylanguage as t2 on t1.code = t2.countrycode join city as t3 on t1.code = t3.countrycode where t2.isofficial = 't' and t2.language = 'chinese' and t1.continent = ""asia"""
787,False,missing_table|hallucinated_column|missing_column|wrong_join_count|wrong_where_operator|extra_subquery,6,"SELECT DISTINCT T1.Name FROM city AS T1 JOIN countrylanguage AS T2 ON T1.ID = T2.CountryCode WHERE T2.Language = ""Chinese"" AND T1.CountryCode IN ( SELECT Code FROM country WHERE Region = ""Asia"" )","SELECT DISTINCT T3.Name FROM country AS T1 JOIN countrylanguage AS T2 ON T1.Code = T2.CountryCode JOIN city AS T3 ON T1.Code = T3.CountryCode WHERE T2.IsOfficial = 'T' AND T2.Language = 'Chinese' AND T1.Continent = ""Asia"""
788,True,,0,"SELECT Name , IndepYear , SurfaceArea FROM country ORDER BY Population LIMIT 1","SELECT Name , SurfaceArea , IndepYear FROM country ORDER BY Population LIMIT 1"
789,True,,0,"SELECT Name , IndepYear , SurfaceArea FROM country ORDER BY Population LIMIT 1","SELECT Name , SurfaceArea , IndepYear FROM country ORDER BY Population LIMIT 1"
790,True,,0,"SELECT Population , Name , HeadOfState FROM country ORDER BY SurfaceArea DESC LIMIT 1","SELECT Name , population , HeadOfState FROM country ORDER BY SurfaceArea DESC LIMIT 1"
791,False,hallucinated_table|hallucinated_column|extra_join,3,"SELECT T1.Name , T1.Population , T1.HeadOfState FROM country AS T1 JOIN city AS T2 ON T1.Capital = T2.ID ORDER BY T1.SurfaceArea DESC LIMIT 1","SELECT Name , population , HeadOfState FROM country ORDER BY SurfaceArea DESC LIMIT 1"
792,False,missing_column|wrong_select_column|missing_select_column,3,"SELECT T1.Name , COUNT(*) FROM country AS T1 JOIN countrylanguage AS T2 ON T1.Code = T2.CountryCode GROUP BY T1.Name HAVING COUNT(*) >= 3","SELECT COUNT(T2.Language) , T1.Name FROM country AS T1 JOIN countrylanguage AS T2 ON T1.Code = T2.CountryCode GROUP BY T1.Name HAVING COUNT(*) > 2"
793,False,missing_column|wrong_select_column|missing_select_column,3,"SELECT T1.Name , COUNT(*) FROM country AS T1 JOIN countrylanguage AS T2 ON T1.Code = T2.CountryCode GROUP BY T1.Name HAVING COUNT(*) > 2","SELECT COUNT(T2.Language) , T1.Name FROM country AS T1 JOIN countrylanguage AS T2 ON T1.Code = T2.CountryCode GROUP BY T1.Name HAVING COUNT(*) > 2"
794,False,hallucinated_table|hallucinated_column|extra_join,3,"SELECT count(*) , T1.District FROM city AS T1 JOIN country AS T2 ON T1.CountryCode = T2.Code WHERE T1.Population > (SELECT avg(T1.Population) FROM city AS T1 JOIN country AS T2 ON T1.CountryCode = T2.Code) GROUP BY T1.District","SELECT count(*) , District FROM city WHERE Population > (SELECT avg(Population) FROM city) GROUP BY District"
795,False,hallucinated_table|hallucinated_column|extra_join,3,"SELECT count(*) , T1.District FROM city AS T1 JOIN country AS T2 ON T1.CountryCode = T2.Code WHERE T1.Population > (SELECT avg(Population) FROM city) GROUP BY T1.District","SELECT count(*) , District FROM city WHERE Population > (SELECT avg(Population) FROM city) GROUP BY District"
796,False,hallucinated_table|hallucinated_column|extra_join|wrong_aggregation|extra_where|missing_having,6,"SELECT T1.GovernmentForm , SUM(T3.Population) FROM country AS T1 JOIN country AS T2 ON T1.Code = T2.Capital JOIN city AS T3 ON T2.ID = T3.Capital WHERE T1.LifeExpectancy > 72 GROUP BY T1.GovernmentForm","SELECT sum(Population) , GovernmentForm FROM country GROUP BY GovernmentForm HAVING avg(LifeExpectancy) > 72"
797,False,hallucinated_column|extra_join|wrong_aggregation|extra_where|missing_having,5,"SELECT GovernmentForm , sum(T1.Population) FROM country AS T1 JOIN country AS T2 ON T1.Code = T2.Capital WHERE T1.LifeExpectancy > 72 GROUP BY T1.GovernmentForm","SELECT sum(Population) , GovernmentForm FROM country GROUP BY GovernmentForm HAVING avg(LifeExpectancy) > 72"
798,False,hallucinated_column|extra_join|extra_where|missing_having,4,"SELECT avg(LifeExpectancy) , sum(Population) , T1.Continent FROM country AS T1 JOIN country AS T2 ON T1.Code = T2.Code WHERE avg(T2.LifeExpectancy) < 72 GROUP BY T1.Continent","SELECT sum(Population) , avg(LifeExpectancy) , Continent FROM country GROUP BY Continent HAVING avg(LifeExpectancy) < 72"
799,False,hallucinated_table|hallucinated_column|extra_join|extra_where|extra_subquery,5,"SELECT T1.Continent , SUM(T3.Population) , avg(T3.LifeExpectancy) FROM country AS T1 JOIN country AS T2 ON T1.Code = T2.Code JOIN city AS T3 ON T2.Capital = T3.ID WHERE T1.Continent NOT IN ( SELECT T1.Continent FROM country AS T1 JOIN country AS T2 ON T1.Code = T2.Code JOIN city AS T3 ON T2.Capital = T3.ID GROUP BY T1.Continent HAVING avg(T3.LifeExpectancy) >= 72 ) GROUP BY T1.Continent","SELECT sum(Population) , avg(LifeExpectancy) , Continent FROM country GROUP BY Continent HAVING avg(LifeExpectancy) < 72"
800,True,,0,"SELECT Name , SurfaceArea FROM country ORDER BY SurfaceArea DESC LIMIT 5","SELECT Name , SurfaceArea FROM country ORDER BY SurfaceArea DESC LIMIT 5"
801,True,,0,"SELECT name , SurfaceArea FROM country ORDER BY SurfaceArea DESC LIMIT 5","SELECT Name , SurfaceArea FROM country ORDER BY SurfaceArea DESC LIMIT 5"
802,False,missing_table|hallucinated_table,2,SELECT Name FROM city ORDER BY Population DESC LIMIT 3,SELECT Name FROM country ORDER BY Population DESC LIMIT 3
803,False,missing_table|hallucinated_table,2,SELECT name FROM city ORDER BY population DESC LIMIT 3,SELECT Name FROM country ORDER BY Population DESC LIMIT 3
804,True,,0,SELECT Name FROM country ORDER BY Population LIMIT 3,SELECT Name FROM country ORDER BY Population ASC LIMIT 3
805,False,missing_table|hallucinated_table,2,SELECT name FROM city ORDER BY population LIMIT 3,SELECT Name FROM country ORDER BY Population ASC LIMIT 3
806,True,,0,SELECT COUNT(*) FROM country WHERE region = 'Asia',"SELECT count(*) FROM country WHERE continent = ""Asia"""
807,True,,0,SELECT count(*) FROM country WHERE region = 'Asia',"SELECT count(*) FROM country WHERE continent = ""Asia"""
808,True,,0,"SELECT Name FROM country WHERE Continent = ""Europe"" AND Population > 80000","SELECT Name FROM country WHERE continent = ""Europe"" AND Population = ""80000"""
809,True,,0,"SELECT name FROM country WHERE population = 80000 AND continent = ""Europe""","SELECT Name FROM country WHERE continent = ""Europe"" AND Population = ""80000"""
810,False,hallucinated_table|hallucinated_column|extra_join,3,"SELECT sum(T1.population) , avg(T1.SurfaceArea) FROM country AS T1 JOIN region AS T2 ON T1.Code = T2.Code WHERE T2.Continent = ""North America"" AND T1.SurfaceArea > 3000","select sum(population) , avg(surfacearea) from country where continent = ""north america"" and surfacearea > 3000"
811,False,hallucinated_table|hallucinated_column|extra_join,3,"SELECT sum(T1.population) , avg(T1.SurfaceArea) FROM country AS T1 JOIN region AS T2 ON T1.Code = T2.code WHERE T2.name = ""North America"" AND T1.SurfaceArea > 3000","select sum(population) , avg(surfacearea) from country where continent = ""north america"" and surfacearea > 3000"
812,True,,0,SELECT Name FROM city WHERE Population BETWEEN 160000 AND 900000,SELECT name FROM city WHERE Population BETWEEN 160000 AND 900000
813,True,,0,SELECT Name FROM city WHERE Population BETWEEN 160000 AND 900000,select name from city where population between 160000 and 900000
814,False,hallucinated_table|hallucinated_column|extra_join,3,SELECT T1.Language FROM countrylanguage AS T1 JOIN country AS T2 ON T1.CountryCode = T2.Code GROUP BY T1.Language ORDER BY COUNT(*) DESC LIMIT 1,SELECT LANGUAGE FROM countrylanguage GROUP BY LANGUAGE ORDER BY count(*) DESC LIMIT 1
815,False,hallucinated_table|hallucinated_column|extra_join,3,SELECT T1.Language FROM countrylanguage AS T1 JOIN country AS T2 ON T1.CountryCode = T2.Code GROUP BY T1.Language ORDER BY COUNT(*) DESC LIMIT 1,SELECT LANGUAGE FROM countrylanguage GROUP BY LANGUAGE ORDER BY count(*) DESC LIMIT 1
816,False,hallucinated_table|hallucinated_column|wrong_select_column|missing_select_column|extra_join|missing_aggregation|missing_group_by|extra_order_by,8,"SELECT T1.Language , T3.Name FROM countrylanguage AS T1 JOIN country AS T2 ON T1.CountryCode = T2.Code JOIN country AS T3 ON T3.Code = T2.Capital ORDER BY T1.Percentage DESC","SELECT LANGUAGE , CountryCode , max(Percentage) FROM countrylanguage GROUP BY CountryCode"
817,False,hallucinated_table|hallucinated_column|wrong_select_column|missing_select_column|extra_join|missing_aggregation|missing_group_by|extra_order_by,8,"SELECT T1.Code , T3.Language FROM country AS T1 JOIN countrylanguage AS T2 ON T1.code = T2.CountryCode JOIN countrylanguage AS T3 ON T2.CountryCode = T3.CountryCode ORDER BY T3.Percentage DESC","SELECT LANGUAGE , CountryCode , max(Percentage) FROM countrylanguage GROUP BY CountryCode"
818,False,missing_select_column|wrong_aggregation|missing_group_by|extra_order_by|extra_limit,5,"SELECT COUNT(*) FROM countrylanguage WHERE Language = ""Spanish"" ORDER BY Percentage DESC LIMIT 1","SELECT count(*) , max(Percentage) FROM countrylanguage WHERE LANGUAGE = ""Spanish"" GROUP BY CountryCode"
819,False,hallucinated_table|hallucinated_column|missing_select_column|extra_join|wrong_aggregation|missing_group_by,6,"SELECT count(*) FROM country AS T1 JOIN countrylanguage AS T2 ON T1.code = T2.countrycode WHERE T2.language = ""Spanish""","SELECT count(*) , max(Percentage) FROM countrylanguage WHERE LANGUAGE = ""Spanish"" GROUP BY CountryCode"
820,False,hallucinated_table|hallucinated_column|wrong_select_column|missing_select_column|extra_join|missing_aggregation|missing_group_by|extra_order_by|extra_limit,9,"SELECT T1.Code FROM country AS T1 JOIN countrylanguage AS T2 ON T1.Code = T2.CountryCode WHERE T2.Language = ""Spanish"" ORDER BY T2.Percentage DESC LIMIT 1","SELECT CountryCode , max(Percentage) FROM countrylanguage WHERE LANGUAGE = ""Spanish"" GROUP BY CountryCode"
821,False,wrong_select_column|missing_select_column|wrong_aggregation|extra_having,4,"SELECT code FROM countrylanguage WHERE Language = ""Spanish"" GROUP BY CountryCode HAVING SUM(Percentage) >= 50","SELECT CountryCode , max(Percentage) FROM countrylanguage WHERE LANGUAGE = ""Spanish"" GROUP BY CountryCode"
822,True,,0,SELECT count(*) FROM conductor,SELECT count(*) FROM conductor
823,True,,0,SELECT count(*) FROM CONDUCTOR,SELECT count(*) FROM conductor
824,True,,0,SELECT name FROM conductor ORDER BY age ASC,SELECT Name FROM conductor ORDER BY Age ASC
825,True,,0,SELECT name FROM conductor ORDER BY age,SELECT Name FROM conductor ORDER BY Age ASC
826,True,,0,SELECT name FROM conductor WHERE nationality != 'USA',SELECT Name FROM conductor WHERE Nationality != 'USA'
827,True,,0,"SELECT name FROM conductor WHERE nationality != ""USA""",SELECT Name FROM conductor WHERE Nationality != 'USA'
828,False,wrong_order_by_column,1,SELECT Record_Company FROM ORCHESTRA ORDER BY YEAR_OF_FOUND DESC,SELECT Record_Company FROM orchestra ORDER BY Year_of_Founded DESC
829,False,wrong_order_by_column,1,SELECT Record_Company FROM ORCHESTRA ORDER BY YEAR_OF_FOUND DESC,SELECT Record_Company FROM orchestra ORDER BY Year_of_Founded DESC
830,True,,0,SELECT avg(Attendance) FROM show,SELECT avg(Attendance) FROM SHOW
831,True,,0,SELECT avg(Attendance) FROM show,SELECT avg(Attendance) FROM SHOW
832,True,,0,"SELECT max(Share) , min(Share) FROM performance WHERE TYPE != ""Live final""","SELECT max(SHARE) , min(SHARE) FROM performance WHERE TYPE != ""Live final"""
833,True,,0,"SELECT max(Share) , min(Share) FROM performance WHERE TYPE != ""Live final""","SELECT max(SHARE) , min(SHARE) FROM performance WHERE TYPE != ""Live final"""
834,True,,0,SELECT count(DISTINCT Nationality) FROM CONDUCTOR,SELECT count(DISTINCT Nationality) FROM conductor
835,True,,0,SELECT count(DISTINCT Nationality) FROM CONDUCTOR,SELECT count(DISTINCT Nationality) FROM conductor
836,True,,0,SELECT name FROM conductor ORDER BY YEAR_OF_WORK DESC,SELECT Name FROM conductor ORDER BY Year_of_Work DESC
837,True,,0,SELECT name FROM conductor ORDER BY YEAR_OF_WORK DESC,SELECT Name FROM conductor ORDER BY Year_of_Work DESC
838,True,,0,SELECT Name FROM CONDUCTOR ORDER BY YEAR_OF_WORK DESC LIMIT 1,SELECT Name FROM conductor ORDER BY Year_of_Work DESC LIMIT 1
839,True,,0,SELECT Name FROM CONDUCTOR ORDER BY YEAR_OF_WORK DESC LIMIT 1,SELECT Name FROM conductor ORDER BY Year_of_Work DESC LIMIT 1
840,False,missing_table|hallucinated_table,2,"SELECT T1.Name , T2.Orchestra FROM CONDUCTOR AS T1 JOIN ORCHESTRAS AS T2 ON T1.Conductor_ID = T2.Conductor_ID","SELECT T1.Name , T2.Orchestra FROM conductor AS T1 JOIN orchestra AS T2 ON T1.Conductor_ID = T2.Conductor_ID"
841,True,,0,"SELECT T1.Name , T2.Orchestra FROM CONDUCTOR AS T1 JOIN ORCHESTRA AS T2 ON T1.Conductor_ID = T2.Conductor_ID","SELECT T1.Name , T2.Orchestra FROM conductor AS T1 JOIN orchestra AS T2 ON T1.Conductor_ID = T2.Conductor_ID"
842,False,missing_table|hallucinated_table|wrong_group_by_column,3,SELECT T1.Name FROM CONDUCTOR AS T1 JOIN ORCHESTRAS AS T2 ON T1.Conductor_ID = T2.Conductor_ID GROUP BY T1.Name HAVING COUNT(*) > 1,SELECT T1.Name FROM conductor AS T1 JOIN orchestra AS T2 ON T1.Conductor_ID = T2.Conductor_ID GROUP BY T2.Conductor_ID HAVING COUNT(*) > 1
843,False,wrong_group_by_column,1,SELECT T1.Name FROM CONDUCTOR AS T1 JOIN ORCHESTRA AS T2 ON T1.Conductor_ID = T2.Conductor_ID GROUP BY T1.Name HAVING COUNT(*) > 1,SELECT T1.Name FROM conductor AS T1 JOIN orchestra AS T2 ON T1.Conductor_ID = T2.Conductor_ID GROUP BY T2.Conductor_ID HAVING COUNT(*) > 1
844,False,missing_table|hallucinated_table|wrong_group_by_column,3,SELECT T1.Name FROM ORCHESTRAS AS T2 JOIN CONDUCTOR AS T1 ON T2.Conductor_ID = T1.Conductor_ID GROUP BY T1.Name ORDER BY COUNT(*) DESC LIMIT 1,SELECT T1.Name FROM conductor AS T1 JOIN orchestra AS T2 ON T1.Conductor_ID = T2.Conductor_ID GROUP BY T2.Conductor_ID ORDER BY COUNT(*) DESC LIMIT 1
845,False,wrong_group_by_column,1,SELECT T1.Name FROM conductor AS T1 JOIN orchestra AS T2 ON T1.Conductor_ID = T2.Conductor_ID GROUP BY T1.Name ORDER BY COUNT(*) DESC LIMIT 1,SELECT T1.Name FROM conductor AS T1 JOIN orchestra AS T2 ON T1.Conductor_ID = T2.Conductor_ID GROUP BY T2.Conductor_ID ORDER BY COUNT(*) DESC LIMIT 1
846,False,hallucinated_column,1,SELECT T1.Name FROM conductor AS T1 JOIN orchestra AS T2 ON T1.Conductor_ID = T2.Conductor_ID WHERE T2.Year_of_Founded > 2008,SELECT T1.Name FROM conductor AS T1 JOIN orchestra AS T2 ON T1.Conductor_ID = T2.Conductor_ID WHERE Year_of_Founded > 2008
847,False,hallucinated_column,1,SELECT T1.Name FROM conductor AS T1 JOIN orchestra AS T2 ON T1.Conductor_ID = T2.Conductor_ID WHERE T2.Year_of_Founded > 2008,SELECT T1.Name FROM conductor AS T1 JOIN orchestra AS T2 ON T1.Conductor_ID = T2.Conductor_ID WHERE Year_of_Founded > 2008
848,False,wrong_select_column|missing_select_column|extra_distinct,3,"SELECT DISTINCT Record_Company , COUNT(*) FROM ORCHESTRA GROUP BY Record_Company","SELECT Record_Company , COUNT(*) FROM orchestra GROUP BY Record_Company"
849,False,hallucinated_table|hallucinated_column|extra_join,3,"SELECT count(*) , T1.Record_Company FROM ORCHESTRA AS T1 JOIN CONDUCTOR AS T2 ON T1.Conductor_ID = T2.Conductor_ID GROUP BY T1.Record_Company","SELECT Record_Company , COUNT(*) FROM orchestra GROUP BY Record_Company"
850,False,missing_table|hallucinated_table|hallucinated_column|extra_join|missing_group_by|extra_distinct,6,SELECT DISTINCT T1.Major_Record_Format FROM ORCHESTRAS AS T1 JOIN CONDUCTOR AS T2 ON T1.Conductor_ID = T2.Conductor_ID ORDER BY COUNT(*) ASC,SELECT Major_Record_Format FROM orchestra GROUP BY Major_Record_Format ORDER BY COUNT(*) ASC
851,False,wrong_order_direction,1,SELECT Major_record_format FROM ORCHESTRA GROUP BY Major_record_format ORDER BY COUNT(*) DESC,SELECT Major_Record_Format FROM orchestra GROUP BY Major_Record_Format ORDER BY COUNT(*) ASC
852,False,hallucinated_table|hallucinated_column|extra_join,3,SELECT T1.Record_Company FROM ORCHESTRA AS T1 JOIN PERFORMANCE AS T2 ON T1.Orchestra_ID = T2.Orchestra_ID GROUP BY T1.Record_Company ORDER BY COUNT(*) DESC LIMIT 1,SELECT Record_Company FROM orchestra GROUP BY Record_Company ORDER BY COUNT(*) DESC LIMIT 1
853,False,missing_table|hallucinated_table,2,SELECT Record_Company FROM ORCHESTA GROUP BY Record_Company ORDER BY COUNT(*) DESC LIMIT 1,SELECT Record_Company FROM orchestra GROUP BY Record_Company ORDER BY COUNT(*) DESC LIMIT 1
854,False,missing_table|hallucinated_table,2,SELECT ORCHESTRA FROM ORCHESTA WHERE ORCHESTRA_ID NOT IN ( SELECT ORCHESTRA_ID FROM PERFORMANCE ),SELECT Orchestra FROM orchestra WHERE Orchestra_ID NOT IN (SELECT Orchestra_ID FROM performance)
855,False,missing_table|hallucinated_table,2,SELECT ORCHESTRA FROM ORCHESTA WHERE ORCHESTRA_ID NOT IN ( SELECT ORCHESTRA_ID FROM PERFORMANCE ),SELECT Orchestra FROM orchestra WHERE Orchestra_ID NOT IN (SELECT Orchestra_ID FROM performance)
856,True,,0,SELECT Record_Company FROM ORCHESTRA WHERE YEAR_of_Founded < 2003 INTERSECT SELECT Record_Company FROM ORCHESTRA WHERE YEAR_of_Founded > 2003,SELECT Record_Company FROM orchestra WHERE Year_of_Founded < 2003 INTERSECT SELECT Record_Company FROM orchestra WHERE Year_of_Founded > 2003
857,False,wrong_select_column|missing_select_column|extra_distinct|wrong_set_op_branch,4,SELECT DISTINCT Record_Company FROM ORCHESTRA WHERE YEAR_OF_FOUND < 2003 INTERSECT SELECT DISTINCT Record_Company FROM ORCHESTRA WHERE YEAR_OF_FOUND > 2003,SELECT Record_Company FROM orchestra WHERE Year_of_Founded < 2003 INTERSECT SELECT Record_Company FROM orchestra WHERE Year_of_Founded > 2003
858,True,,0,SELECT count(*) FROM ORCHESTRA WHERE major_record_format = 'CD' OR major_record_format = 'DVD',"SELECT COUNT(*) FROM orchestra WHERE Major_Record_Format = ""CD"" OR Major_Record_Format = ""DVD"""
859,True,,0,SELECT count(*) FROM ORCHESTRA WHERE major_record_format = 'CD' OR major_record_format = 'DVD',"SELECT COUNT(*) FROM orchestra WHERE Major_Record_Format = ""CD"" OR Major_Record_Format = ""DVD"""
860,False,missing_table|hallucinated_table|missing_column|wrong_select_column|missing_select_column|missing_join|extra_where|extra_distinct|extra_subquery,9,SELECT DISTINCT YEAR_OF_FOUNDATION FROM ORCHESTA WHERE ORCHESTRA_ID IN ( SELECT ORCHESTRA_ID FROM PERFORMANCE GROUP BY ORCHESTRA_ID HAVING COUNT(*) > 1 ),SELECT Year_of_Founded FROM orchestra AS T1 JOIN performance AS T2 ON T1.Orchestra_ID = T2.Orchestra_ID GROUP BY T2.Orchestra_ID HAVING COUNT(*) > 1
861,False,missing_table|hallucinated_table|missing_column|wrong_select_column|missing_select_column|missing_join|extra_where|extra_distinct|extra_subquery,9,SELECT DISTINCT YEAR_OF_FOUND FROM ORCHESTA WHERE ORCHESTRA_ID IN ( SELECT ORCHESTRA_ID FROM PERFORMANCE GROUP BY ORCHESTRA_ID HAVING COUNT(*) > 1 ),SELECT Year_of_Founded FROM orchestra AS T1 JOIN performance AS T2 ON T1.Orchestra_ID = T2.Orchestra_ID GROUP BY T2.Orchestra_ID HAVING COUNT(*) > 1
862,True,,0,SELECT count(*) FROM Highschooler,SELECT count(*) FROM Highschooler
863,True,,0,SELECT count(*) FROM Highschooler,SELECT count(*) FROM Highschooler
864,True,,0,"SELECT name , grade FROM Highschooler","SELECT name , grade FROM Highschooler"
865,True,,0,"SELECT name , grade FROM Highschooler","SELECT name , grade FROM Highschooler"
866,False,wrong_select_column|missing_select_column|extra_distinct,3,SELECT DISTINCT grade FROM Highschooler,SELECT grade FROM Highschooler
867,True,,0,SELECT grade FROM Highschooler,SELECT grade FROM Highschooler
868,True,,0,"SELECT grade FROM Highschooler WHERE name = ""Kyle""","SELECT grade FROM Highschooler WHERE name = ""Kyle"""
869,True,,0,"SELECT grade FROM Highschooler WHERE name = ""Kyle""","SELECT grade FROM Highschooler WHERE name = ""Kyle"""
870,True,,0,SELECT name FROM Highschooler WHERE grade = 10,SELECT name FROM Highschooler WHERE grade = 10
871,True,,0,SELECT name FROM Highschooler WHERE grade = 10,SELECT name FROM Highschooler WHERE grade = 10
872,True,,0,"SELECT id FROM Highschooler WHERE name = ""Kyle""","SELECT ID FROM Highschooler WHERE name = ""Kyle"""
873,True,,0,"SELECT id FROM highschooler WHERE name = ""Kyle""","SELECT ID FROM Highschooler WHERE name = ""Kyle"""
874,True,,0,SELECT count(*) FROM Highschooler WHERE grade = 9 OR grade = 10,SELECT count(*) FROM Highschooler WHERE grade = 9 OR grade = 10
875,True,,0,SELECT count(*) FROM Highschooler WHERE grade = 9 OR grade = 10,SELECT count(*) FROM Highschooler WHERE grade = 9 OR grade = 10
876,True,,0,"SELECT count(*) , grade FROM Highschooler GROUP BY grade","SELECT grade , count(*) FROM Highschooler GROUP BY grade"
877,True,,0,"SELECT count(*) , grade FROM Highschooler GROUP BY grade","SELECT grade , count(*) FROM Highschooler GROUP BY grade"
878,True,,0,SELECT grade FROM Highschooler GROUP BY grade ORDER BY count(*) DESC LIMIT 1,SELECT grade FROM Highschooler GROUP BY grade ORDER BY count(*) DESC LIMIT 1
879,True,,0,SELECT grade FROM Highschooler GROUP BY grade ORDER BY count(*) DESC LIMIT 1,SELECT grade FROM Highschooler GROUP BY grade ORDER BY count(*) DESC LIMIT 1
880,True,,0,SELECT grade FROM highschooler GROUP BY grade HAVING count(*) >= 4,SELECT grade FROM Highschooler GROUP BY grade HAVING count(*) >= 4
881,True,,0,SELECT grade FROM Highschooler GROUP BY grade HAVING count(*) >= 4,SELECT grade FROM Highschooler GROUP BY grade HAVING count(*) >= 4
882,False,hallucinated_table|hallucinated_column|extra_join,3,"SELECT T1.student_id , count(*) FROM HIGHschooler AS T1 JOIN FRIEND AS T2 ON T1.id = T2.friend_id GROUP BY T1.student_id","SELECT student_id , count(*) FROM Friend GROUP BY student_id"
883,False,hallucinated_table|hallucinated_column|wrong_select_column|missing_select_column|extra_join|wrong_group_by_column,6,"SELECT count(*) , T1.name FROM highschooler AS T1 JOIN friend AS T2 ON T1.id = T2.student_id GROUP BY T1.name","SELECT student_id , count(*) FROM Friend GROUP BY student_id"
884,False,wrong_group_by_column,1,"SELECT T1.name , COUNT(*) FROM Highschooler AS T1 JOIN Friend AS T2 ON T1.id = T2.student_id GROUP BY T1.id","SELECT T2.name , count(*) FROM Friend AS T1 JOIN Highschooler AS T2 ON T1.student_id = T2.id GROUP BY T1.student_id"
885,False,wrong_group_by_column,1,"SELECT T1.name , count(*) FROM Highschooler AS T1 JOIN Friend AS T2 ON T1.id = T2.student_id GROUP BY T1.id","SELECT T2.name , count(*) FROM Friend AS T1 JOIN Highschooler AS T2 ON T1.student_id = T2.id GROUP BY T1.student_id"
886,False,wrong_group_by_column,1,SELECT T1.name FROM Highschooler AS T1 JOIN Friend AS T2 ON T1.id = T2.student_id GROUP BY T1.id ORDER BY count(*) DESC LIMIT 1,SELECT T2.name FROM Friend AS T1 JOIN Highschooler AS T2 ON T1.student_id = T2.id GROUP BY T1.student_id ORDER BY count(*) DESC LIMIT 1
887,False,wrong_group_by_column,1,SELECT T1.name FROM Highschooler AS T1 JOIN Friend AS T2 ON T1.id = T2.student_id GROUP BY T1.id ORDER BY count(*) DESC LIMIT 1,SELECT T2.name FROM Friend AS T1 JOIN Highschooler AS T2 ON T1.student_id = T2.id GROUP BY T1.student_id ORDER BY count(*) DESC LIMIT 1
888,False,wrong_group_by_column,1,SELECT T1.name FROM Highschooler AS T1 JOIN Friend AS T2 ON T1.id = T2.student_id GROUP BY T1.id HAVING count(*) >= 3,SELECT T2.name FROM Friend AS T1 JOIN Highschooler AS T2 ON T1.student_id = T2.id GROUP BY T1.student_id HAVING count(*) >= 3
889,False,wrong_group_by_column,1,SELECT T1.name FROM Highschooler AS T1 JOIN Friend AS T2 ON T1.id = T2.student_id GROUP BY T1.id HAVING count(*) >= 3,SELECT T2.name FROM Friend AS T1 JOIN Highschooler AS T2 ON T1.student_id = T2.id GROUP BY T1.student_id HAVING count(*) >= 3
890,True,,0,"SELECT T1.name FROM Highschooler AS T1 JOIN Friend AS T2 ON T1.id = T2.student_id JOIN Highschooler AS T3 ON T3.id = T2.friend_id WHERE T1.name = ""Kyle""","SELECT T3.name FROM Friend AS T1 JOIN Highschooler AS T2 ON T1.student_id = T2.id JOIN Highschooler AS T3 ON T1.friend_id = T3.id WHERE T2.name = ""Kyle"""
891,True,,0,"SELECT T1.name FROM Highschooler AS T1 JOIN Friend AS T2 ON T1.id = T2.student_id JOIN Highschooler AS T3 ON T2.friend_id = T3.id WHERE T1.name = ""Kyle""","SELECT T3.name FROM Friend AS T1 JOIN Highschooler AS T2 ON T1.student_id = T2.id JOIN Highschooler AS T3 ON T1.friend_id = T3.id WHERE T2.name = ""Kyle"""
892,False,missing_table|missing_column|missing_join,3,SELECT count(*) FROM friend WHERE friend_id = 1,"SELECT count(*) FROM Friend AS T1 JOIN Highschooler AS T2 ON T1.student_id = T2.id WHERE T2.name = ""Kyle"""
893,False,missing_table|missing_column|missing_join,3,SELECT count(*) FROM friend WHERE friend_id = 10,"SELECT count(*) FROM Friend AS T1 JOIN Highschooler AS T2 ON T1.student_id = T2.id WHERE T2.name = ""Kyle"""
894,False,extra_where|missing_set_operation|wrong_set_op_branch,3,SELECT id FROM highschooler WHERE id NOT IN (SELECT student_id FROM friend),SELECT id FROM Highschooler EXCEPT SELECT student_id FROM Friend
895,False,extra_where|missing_set_operation|wrong_set_op_branch,3,SELECT id FROM Highschooler WHERE id NOT IN (SELECT student_id FROM Friend),SELECT id FROM Highschooler EXCEPT SELECT student_id FROM Friend
896,False,missing_column|missing_join|extra_where|missing_set_operation|wrong_set_op_branch,5,SELECT name FROM Highschooler WHERE id NOT IN (SELECT student_id FROM Friend),SELECT name FROM Highschooler EXCEPT SELECT T2.name FROM Friend AS T1 JOIN Highschooler AS T2 ON T1.student_id = T2.id
897,False,missing_column|missing_join|extra_where|missing_set_operation|wrong_set_op_branch,5,SELECT name FROM highschooler WHERE id NOT IN (SELECT student_id FROM friend),SELECT name FROM Highschooler EXCEPT SELECT T2.name FROM Friend AS T1 JOIN Highschooler AS T2 ON T1.student_id = T2.id
898,False,hallucinated_table|hallucinated_column|wrong_select_column|missing_select_column|extra_join|extra_distinct|missing_set_operation|wrong_set_op_branch|missing_subquery,9,SELECT DISTINCT T1.id FROM highschooler AS T1 JOIN friend AS T2 ON T1.id = T2.friend_id JOIN likes AS T3 ON T3.liked_id = T1.id,SELECT student_id FROM Friend INTERSECT SELECT liked_id FROM Likes
899,False,hallucinated_table|hallucinated_column|wrong_select_column|missing_select_column|extra_join|extra_distinct|missing_set_operation|wrong_set_op_branch|missing_subquery,9,SELECT DISTINCT T1.id FROM highschooler AS T1 JOIN friend AS T2 ON T1.id = T2.student_id JOIN likes AS T3 ON T1.id = T3.liked_id,SELECT student_id FROM Friend INTERSECT SELECT liked_id FROM Likes
900,False,hallucinated_table|missing_set_operation|wrong_set_op_branch|missing_subquery,4,SELECT T1.name FROM highschooler AS T1 JOIN friend AS T2 ON T1.id = T2.student_id JOIN likes AS T3 ON T3.liked_id = T1.id,SELECT T2.name FROM Friend AS T1 JOIN Highschooler AS T2 ON T1.student_id = T2.id INTERSECT SELECT T2.name FROM Likes AS T1 JOIN Highschooler AS T2 ON T1.liked_id = T2.id
901,False,hallucinated_table|hallucinated_column|missing_column|missing_set_operation|wrong_set_op_branch|missing_subquery,6,SELECT T1.name FROM Highschooler AS T1 JOIN Friend AS T2 ON T1.id = T2.friend_id JOIN Likes AS T3 ON T1.id = T3.liked_id,SELECT T2.name FROM Friend AS T1 JOIN Highschooler AS T2 ON T1.student_id = T2.id INTERSECT SELECT T2.name FROM Likes AS T1 JOIN Highschooler AS T2 ON T1.liked_id = T2.id
902,True,,0,"SELECT count(*) , student_id FROM Likes GROUP BY student_id","SELECT student_id , count(*) FROM Likes GROUP BY student_id"
903,True,,0,"SELECT count(*) , student_id FROM Likes GROUP BY student_id","SELECT student_id , count(*) FROM Likes GROUP BY student_id"
904,False,hallucinated_column|missing_column|wrong_group_by_column,3,"SELECT T1.name , COUNT(*) FROM Highschooler AS T1 JOIN Likes AS T2 ON T1.id = T2.liked_id GROUP BY T1.id","SELECT T2.name , count(*) FROM Likes AS T1 JOIN Highschooler AS T2 ON T1.student_id = T2.id GROUP BY T1.student_id"
905,False,hallucinated_column|missing_column|wrong_group_by_column,3,"SELECT T1.name , COUNT(*) FROM Highschooler AS T1 JOIN Likes AS T2 ON T1.id = T2.liked_id GROUP BY T1.id","SELECT T2.name , count(*) FROM Likes AS T1 JOIN Highschooler AS T2 ON T1.student_id = T2.id GROUP BY T1.student_id"
906,False,hallucinated_column|missing_column|wrong_group_by_column,3,SELECT T1.name FROM Highschooler AS T1 JOIN Likes AS T2 ON T1.id = T2.liked_id GROUP BY T1.id ORDER BY count(*) DESC LIMIT 1,SELECT T2.name FROM Likes AS T1 JOIN Highschooler AS T2 ON T1.student_id = T2.id GROUP BY T1.student_id ORDER BY count(*) DESC LIMIT 1
907,False,wrong_group_by_column,1,SELECT T1.name FROM highschooler AS T1 JOIN likes AS T2 ON T1.id = T2.student_id GROUP BY T1.id ORDER BY count(*) DESC LIMIT 1,SELECT T2.name FROM Likes AS T1 JOIN Highschooler AS T2 ON T1.student_id = T2.id GROUP BY T1.student_id ORDER BY count(*) DESC LIMIT 1
908,False,wrong_group_by_column,1,SELECT T1.name FROM highschooler AS T1 JOIN likes AS T2 ON T1.id = T2.student_id GROUP BY T1.id HAVING count(*) >= 2,SELECT T2.name FROM Likes AS T1 JOIN Highschooler AS T2 ON T1.student_id = T2.id GROUP BY T1.student_id HAVING count(*) >= 2
909,False,wrong_group_by_column,1,SELECT T1.name FROM highschooler AS T1 JOIN likes AS T2 ON T1.id = T2.student_id GROUP BY T1.id HAVING count(*) >= 2,SELECT T2.name FROM Likes AS T1 JOIN Highschooler AS T2 ON T1.student_id = T2.id GROUP BY T1.student_id HAVING count(*) >= 2
910,False,wrong_group_by_column,1,SELECT T1.name FROM highschooler AS T1 JOIN friend AS T2 ON T1.id = T2.student_id WHERE T1.grade > 5 GROUP BY T1.id HAVING count(*) >= 2,SELECT T2.name FROM Friend AS T1 JOIN Highschooler AS T2 ON T1.student_id = T2.id WHERE T2.grade > 5 GROUP BY T1.student_id HAVING count(*) >= 2
911,False,wrong_aggregation|missing_where|wrong_group_by_column,3,SELECT T1.name FROM Highschooler AS T1 JOIN Friend AS T2 ON T1.id = T2.student_id GROUP BY T1.id HAVING count(*) >= 2 AND max(T1.grade) > 5,SELECT T2.name FROM Friend AS T1 JOIN Highschooler AS T2 ON T1.student_id = T2.id WHERE T2.grade > 5 GROUP BY T1.student_id HAVING count(*) >= 2
912,False,missing_table|missing_column|missing_join,3,SELECT count(*) FROM likes WHERE student_id = 10,"SELECT count(*) FROM Likes AS T1 JOIN Highschooler AS T2 ON T1.student_id = T2.id WHERE T2.name = ""Kyle"""
913,False,hallucinated_column|missing_column,2,"SELECT count(*) FROM likes AS T1 JOIN highschooler AS T2 ON T1.liked_id = T2.id WHERE T2.name = ""Kyle""","SELECT count(*) FROM Likes AS T1 JOIN Highschooler AS T2 ON T1.student_id = T2.id WHERE T2.name = ""Kyle"""
914,False,missing_column|missing_join|extra_set_operation|extra_subquery,4,SELECT avg(grade) FROM highschooler WHERE id IN (SELECT student_id FROM friend UNION SELECT friend_id FROM friend),SELECT avg(grade) FROM Highschooler WHERE id IN (SELECT T1.student_id FROM Friend AS T1 JOIN Highschooler AS T2 ON T1.student_id = T2.id)
915,False,missing_column|missing_join,2,SELECT avg(grade) FROM highschooler WHERE id IN (SELECT student_id FROM friend),SELECT avg(grade) FROM Highschooler WHERE id IN (SELECT T1.student_id FROM Friend AS T1 JOIN Highschooler AS T2 ON T1.student_id = T2.id)
916,False,missing_column|missing_join,2,SELECT min(grade) FROM highschooler WHERE id NOT IN (SELECT student_id FROM friend),SELECT min(grade) FROM Highschooler WHERE id NOT IN (SELECT T1.student_id FROM Friend AS T1 JOIN Highschooler AS T2 ON T1.student_id = T2.id)
917,False,missing_column|missing_join,2,SELECT min(grade) FROM highschooler WHERE id NOT IN ( SELECT student_id FROM friend ),SELECT min(grade) FROM Highschooler WHERE id NOT IN (SELECT T1.student_id FROM Friend AS T1 JOIN Highschooler AS T2 ON T1.student_id = T2.id)
918,False,hallucinated_table|hallucinated_column|extra_join|extra_distinct|missing_set_operation|wrong_set_op_branch|missing_subquery,7,SELECT DISTINCT T1.state FROM Owners AS T1 JOIN Professionals AS T2 ON T1.state = T2.state,SELECT state FROM Owners INTERSECT SELECT state FROM Professionals
919,False,hallucinated_table|hallucinated_column|extra_join|extra_distinct|missing_set_operation|wrong_set_op_branch|missing_subquery,7,SELECT DISTINCT T1.state FROM Owners AS T1 JOIN Professionals AS T2 ON T1.zip_code = T2.zip_code,SELECT state FROM Owners INTERSECT SELECT state FROM Professionals
920,False,hallucinated_table|hallucinated_column|extra_join|missing_where|missing_subquery,5,SELECT avg(T1.age) FROM Dogs AS T1 JOIN Treatments AS T2 ON T1.dog_id = T2.dog_id,SELECT avg(age) FROM Dogs WHERE dog_id IN ( SELECT dog_id FROM Treatments )
921,False,hallucinated_table|hallucinated_column|extra_join|missing_where|missing_subquery,5,SELECT avg(T1.age) FROM Dogs AS T1 JOIN Treatments AS T2 ON T1.dog_id = T2.dog_id,SELECT avg(age) FROM Dogs WHERE dog_id IN ( SELECT dog_id FROM Treatments )
922,False,hallucinated_column|missing_set_operation|wrong_set_op_branch|missing_subquery,4,"SELECT T1.professional_id , T1.last_name , T1.cell_number FROM Professionals AS T1 JOIN Treatments AS T2 ON T1.professional_id = T2.professional_id WHERE T1.state = 'Indiana' GROUP BY T1.professional_id HAVING count(*) > 2","SELECT professional_id , last_name , cell_number FROM Professionals WHERE state = 'Indiana' UNION SELECT T1.professional_id , T1.last_name , T1.cell_number FROM Professionals AS T1 JOIN Treatments AS T2 ON T1.professional_id = T2.professional_id GROUP BY T1.professional_id HAVING count(*) > 2"
923,False,hallucinated_table|hallucinated_column|wrong_join_count|set_op_union_as_intersect|wrong_set_op_type|wrong_set_op_branch,6,"SELECT T1.professional_id , T2.last_name , T2.cell_number FROM Professionals AS T1 JOIN Owners AS T2 ON T1.owner_id = T2.owner_id WHERE T2.state = 'Indiana' INTERSECT SELECT T1.professional_id , T2.last_name , T2.cell_number FROM Professionals AS T1 JOIN Treatments AS T2 ON T1.professional_id = T2.professional_id GROUP BY T1.professional_id HAVING count(*) > 2","SELECT professional_id , last_name , cell_number FROM Professionals WHERE state = 'Indiana' UNION SELECT T1.professional_id , T1.last_name , T1.cell_number FROM Professionals AS T1 JOIN Treatments AS T2 ON T1.professional_id = T2.professional_id GROUP BY T1.professional_id HAVING count(*) > 2"
924,False,hallucinated_table|hallucinated_column|extra_join|missing_aggregation|missing_group_by|missing_having|wrong_where_operator|missing_subquery,8,SELECT T2.name FROM Dogs AS T1 JOIN Treatments AS T2 ON T1.dog_id = T2.dog_id WHERE T2.cost_of_treatment < 1000,select name from dogs where dog_id not in ( select dog_id from treatments group by dog_id having sum(cost_of_treatment) > 1000 )
925,False,hallucinated_table|hallucinated_column|extra_join|missing_where|missing_subquery,5,SELECT T2.name FROM Owners AS T1 JOIN Dogs AS T2 ON T1.owner_id = T2.owner_id JOIN Treatments AS T3 ON T2.dog_id = T3.dog_id GROUP BY T2.dog_id HAVING sum(T3.cost_of_treatment) <= 1000,select name from dogs where dog_id not in ( select dog_id from treatments group by dog_id having sum(cost_of_treatment) > 1000 )
926,False,missing_table|hallucinated_table|wrong_set_op_count|extra_subquery,4,SELECT first_name FROM Owners EXCEPT SELECT name FROM Dogs UNION SELECT first_name FROM Professionals EXCEPT SELECT name FROM Dogs,SELECT first_name FROM Professionals UNION SELECT first_name FROM Owners EXCEPT SELECT name FROM Dogs
927,False,missing_table|hallucinated_table|wrong_set_op_count|extra_subquery,4,SELECT first_name FROM Owners EXCEPT SELECT name FROM Dogs UNION SELECT first_name FROM Professionals EXCEPT SELECT name FROM Dogs,SELECT first_name FROM Professionals UNION SELECT first_name FROM Owners EXCEPT SELECT name FROM Dogs
928,False,missing_table|missing_column|missing_join|extra_where|missing_set_operation|wrong_set_op_branch,6,"SELECT professional_id , role_code , email_address FROM Professionals WHERE professional_id NOT IN ( SELECT professional_id FROM TREATMENTS )","SELECT professional_id , role_code , email_address FROM Professionals EXCEPT SELECT T1.professional_id , T1.role_code , T1.email_address FROM Professionals AS T1 JOIN Treatments AS T2 ON T1.professional_id = T2.professional_id"
929,False,missing_table|hallucinated_table|wrong_join_count|extra_where|missing_set_operation|wrong_set_op_branch,6,"SELECT T1.professional_id , T2.role_code , T1.email_address FROM Professionals AS T1 JOIN ROLES AS T2 ON T1.role_code = T2.role_code WHERE T1.professional_id NOT IN ( SELECT T3.professional_id FROM TREATMENTS AS T3 JOIN Professionals AS T4 ON T3.professional_id = T4.professional_id )","SELECT professional_id , role_code , email_address FROM Professionals EXCEPT SELECT T1.professional_id , T1.role_code , T1.email_address FROM Professionals AS T1 JOIN Treatments AS T2 ON T1.professional_id = T2.professional_id"
930,True,,0,"SELECT T1.owner_id , T1.first_name , T1.last_name FROM Owners AS T1 JOIN Dogs AS T2 ON T1.owner_id = T2.owner_id GROUP BY T1.owner_id ORDER BY count(*) DESC LIMIT 1","SELECT T1.owner_id , T2.first_name , T2.last_name FROM Dogs AS T1 JOIN Owners AS T2 ON T1.owner_id = T2.owner_id GROUP BY T1.owner_id ORDER BY count(*) DESC LIMIT 1"
931,True,,0,"SELECT T1.owner_id , T1.first_name , T1.last_name FROM Owners AS T1 JOIN Dogs AS T2 ON T1.owner_id = T2.owner_id GROUP BY T1.owner_id ORDER BY count(*) DESC LIMIT 1","SELECT T1.owner_id , T2.first_name , T2.last_name FROM Dogs AS T1 JOIN Owners AS T2 ON T1.owner_id = T2.owner_id GROUP BY T1.owner_id ORDER BY count(*) DESC LIMIT 1"
932,False,missing_table,1,"SELECT T1.professional_id , T2.role_code , T1.first_name FROM Professionals AS T1 JOIN Professionals AS T2 ON T1.professional_id = T2.professional_id GROUP BY T1.professional_id HAVING count(*) >= 2","SELECT T1.professional_id , T1.role_code , T1.first_name FROM Professionals AS T1 JOIN Treatments AS T2 ON T1.professional_id = T2.professional_id GROUP BY T1.professional_id HAVING count(*) >= 2"
933,True,,0,"SELECT T1.professional_id , T2.role_code , T1.first_name FROM Professionals AS T1 JOIN Treatments AS T2 ON T1.professional_id = T2.professional_id GROUP BY T1.professional_id HAVING count(*) >= 2","SELECT T1.professional_id , T1.role_code , T1.first_name FROM Professionals AS T1 JOIN Treatments AS T2 ON T1.professional_id = T2.professional_id GROUP BY T1.professional_id HAVING count(*) >= 2"
934,True,,0,SELECT T1.breed_name FROM BREEDS AS T1 JOIN DOGS AS T2 ON T1.breed_code = T2.breed_code GROUP BY T1.breed_name ORDER BY count(*) DESC LIMIT 1,SELECT T1.breed_name FROM Breeds AS T1 JOIN Dogs AS T2 ON T1.breed_code = T2.breed_code GROUP BY T1.breed_name ORDER BY count(*) DESC LIMIT 1
935,True,,0,SELECT T1.breed_name FROM BREEDS AS T1 JOIN DOGS AS T2 ON T1.breed_code = T2.breed_code GROUP BY T1.breed_name ORDER BY count(*) DESC LIMIT 1,SELECT T1.breed_name FROM Breeds AS T1 JOIN Dogs AS T2 ON T1.breed_code = T2.breed_code GROUP BY T1.breed_name ORDER BY count(*) DESC LIMIT 1
936,False,hallucinated_column|wrong_aggregation|wrong_order_by_column,3,"SELECT T1.owner_id , T2.last_name FROM Owners AS T1 JOIN Dogs AS T2 ON T1.owner_id = T2.owner_id JOIN Treatments AS T3 ON T2.dog_id = T3.dog_id GROUP BY T1.owner_id ORDER BY sum(T3.cost_of_treatment) DESC LIMIT 1","SELECT T1.owner_id , T1.last_name FROM Owners AS T1 JOIN Dogs AS T2 ON T1.owner_id = T2.owner_id JOIN Treatments AS T3 ON T2.dog_id = T3.dog_id GROUP BY T1.owner_id ORDER BY count(*) DESC LIMIT 1"
937,False,hallucinated_column|wrong_aggregation|wrong_order_by_column,3,"SELECT T1.owner_id , T2.last_name FROM Owners AS T1 JOIN Dogs AS T2 ON T1.owner_id = T2.owner_id JOIN Treatments AS T3 ON T2.dog_id = T3.dog_id GROUP BY T1.owner_id ORDER BY sum(T3.cost_of_treatment) DESC LIMIT 1","SELECT T1.owner_id , T1.last_name FROM Owners AS T1 JOIN Dogs AS T2 ON T1.owner_id = T2.owner_id JOIN Treatments AS T3 ON T2.dog_id = T3.dog_id GROUP BY T1.owner_id ORDER BY count(*) DESC LIMIT 1"
938,False,missing_table|hallucinated_table|hallucinated_column|missing_group_by|wrong_order_by_column,5,SELECT T1.treatment_type_description FROM T1 JOIN T2 ON T1.treatment_type_code = T2.treatment_type_code ORDER BY sum(T2.cost_of_treatment) LIMIT 1,SELECT T1.treatment_type_description FROM Treatment_types AS T1 JOIN Treatments AS T2 ON T1.treatment_type_code = T2.treatment_type_code GROUP BY T1.treatment_type_code ORDER BY sum(cost_of_treatment) ASC LIMIT 1
939,False,missing_table|hallucinated_table|hallucinated_column|wrong_order_by_column|wrong_group_by_column,5,SELECT T1.treatment_type_description FROM T1 JOIN T2 ON T1.treatment_type_code = T2.treatment_type_code GROUP BY T1.treatment_type_description ORDER BY sum(T2.cost_of_treatment) ASC LIMIT 1,SELECT T1.treatment_type_description FROM Treatment_types AS T1 JOIN Treatments AS T2 ON T1.treatment_type_code = T2.treatment_type_code GROUP BY T1.treatment_type_code ORDER BY sum(cost_of_treatment) ASC LIMIT 1
940,False,missing_table|hallucinated_column|missing_column|wrong_join_count|wrong_order_by_column,5,"SELECT T1.owner_id , T2.zip_code FROM Owners AS T1 JOIN Dogs AS T2 ON T1.owner_id = T2.owner_id GROUP BY T1.owner_id ORDER BY sum(T2.weight) DESC LIMIT 1","SELECT T1.owner_id , T1.zip_code FROM Owners AS T1 JOIN Dogs AS T2 ON T1.owner_id = T2.owner_id JOIN Treatments AS T3 ON T2.dog_id = T3.dog_id GROUP BY T1.owner_id ORDER BY sum(T3.cost_of_treatment) DESC LIMIT 1"
941,False,missing_table|hallucinated_column|missing_column|wrong_join_count|wrong_order_by_column,5,"SELECT T1.owner_id , T2.zip_code FROM Owners AS T1 JOIN Dogs AS T2 ON T1.owner_id = T2.owner_id GROUP BY T1.owner_id ORDER BY sum(T2.weight) DESC LIMIT 1","SELECT T1.owner_id , T1.zip_code FROM Owners AS T1 JOIN Dogs AS T2 ON T1.owner_id = T2.owner_id JOIN Treatments AS T3 ON T2.dog_id = T3.dog_id GROUP BY T1.owner_id ORDER BY sum(T3.cost_of_treatment) DESC LIMIT 1"
942,True,,0,"SELECT T1.professional_id , T1.cell_number FROM Professionals AS T1 JOIN Treatments AS T2 ON T1.professional_id = T2.professional_id GROUP BY T1.professional_id HAVING count(*) >= 2","SELECT T1.professional_id , T1.cell_number FROM Professionals AS T1 JOIN Treatments AS T2 ON T1.professional_id = T2.professional_id GROUP BY T1.professional_id HAVING count(*) >= 2"
943,True,,0,"SELECT T1.professional_id , T1.cell_number FROM Professionals AS T1 JOIN Treatments AS T2 ON T1.professional_id = T2.professional_id GROUP BY T1.professional_id HAVING count(*) >= 2","SELECT T1.professional_id , T1.cell_number FROM Professionals AS T1 JOIN Treatments AS T2 ON T1.professional_id = T2.professional_id GROUP BY T1.professional_id HAVING count(*) >= 2"
944,False,hallucinated_column|missing_distinct,2,"SELECT T1.first_name , T1.last_name FROM Professionals AS T1 JOIN Treatments AS T2 ON T1.professional_id = T2.professional_id WHERE T2.cost_of_treatment < (SELECT avg(cost_of_treatment) FROM Treatments)","SELECT DISTINCT T1.first_name , T1.last_name FROM Professionals AS T1 JOIN Treatments AS T2 WHERE cost_of_treatment < ( SELECT avg(cost_of_treatment) FROM Treatments )"
945,False,hallucinated_column|missing_distinct,2,"SELECT T1.first_name , T1.last_name FROM Professionals AS T1 JOIN Treatments AS T2 ON T1.professional_id = T2.professional_id WHERE T2.cost_of_treatment < (SELECT avg(cost_of_treatment) FROM Treatments)","SELECT DISTINCT T1.first_name , T1.last_name FROM Professionals AS T1 JOIN Treatments AS T2 WHERE cost_of_treatment < ( SELECT avg(cost_of_treatment) FROM Treatments )"
946,True,,0,"SELECT T1.date_of_treatment , T2.first_name FROM Treatments AS T1 JOIN Professionals AS T2 ON T1.professional_id = T2.professional_id","SELECT T1.date_of_treatment , T2.first_name FROM Treatments AS T1 JOIN Professionals AS T2 ON T1.professional_id = T2.professional_id"
947,True,,0,"SELECT T1.date_of_treatment , T2.first_name FROM Treatments AS T1 JOIN Professionals AS T2 ON T1.professional_id = T2.professional_id","SELECT T1.date_of_treatment , T2.first_name FROM Treatments AS T1 JOIN Professionals AS T2 ON T1.professional_id = T2.professional_id"
948,False,missing_table|hallucinated_table,2,"SELECT T2.cost_of_treatment , T1.treatment_type_description FROM T1 JOIN T2 ON T1.treatment_type_code = T2.treatment_type_code","SELECT T1.cost_of_treatment , T2.treatment_type_description FROM Treatments AS T1 JOIN treatment_types AS T2 ON T1.treatment_type_code = T2.treatment_type_code"
949,False,missing_table|hallucinated_table,2,"SELECT T1.cost_of_treatment , T2.treatment_type_description FROM T1 JOIN T2 ON T1.treatment_type_code = T2.treatment_type_code","SELECT T1.cost_of_treatment , T2.treatment_type_description FROM Treatments AS T1 JOIN treatment_types AS T2 ON T1.treatment_type_code = T2.treatment_type_code"
950,True,,0,"SELECT T1.first_name , T1.last_name , T2.size_code FROM Owners AS T1 JOIN Dogs AS T2 ON T1.owner_id = T2.owner_id","SELECT T1.first_name , T1.last_name , T2.size_code FROM Owners AS T1 JOIN Dogs AS T2 ON T1.owner_id = T2.owner_id"
951,True,,0,"SELECT T1.first_name , T1.last_name , T2.size_code FROM Owners AS T1 JOIN Dogs AS T2 ON T1.owner_id = T2.owner_id","SELECT T1.first_name , T1.last_name , T2.size_code FROM Owners AS T1 JOIN Dogs AS T2 ON T1.owner_id = T2.owner_id"
952,True,,0,"SELECT T1.first_name , T2.name FROM Owners AS T1 JOIN Dogs AS T2 ON T1.owner_id = T2.owner_id","SELECT T1.first_name , T2.name FROM Owners AS T1 JOIN Dogs AS T2 ON T1.owner_id = T2.owner_id"
953,True,,0,"SELECT T1.first_name , T2.name FROM Owners AS T1 JOIN Dogs AS T2 ON T1.owner_id = T2.owner_id","SELECT T1.first_name , T2.name FROM Owners AS T1 JOIN Dogs AS T2 ON T1.owner_id = T2.owner_id"
954,False,missing_aggregation|missing_where|missing_group_by|wrong_order_by_column|missing_subquery,5,"SELECT T1.name , T2.date_of_treatment FROM Dogs AS T1 JOIN Treatments AS T2 ON T1.dog_id = T2.dog_id ORDER BY T1.breed_code ASC LIMIT 1","SELECT T1.name , T2.date_of_treatment FROM Dogs AS T1 JOIN Treatments AS T2 ON T1.dog_id = T2.dog_id WHERE T1.breed_code = ( SELECT breed_code FROM Dogs GROUP BY breed_code ORDER BY count(*) ASC LIMIT 1 )"
955,False,missing_column|missing_where|missing_group_by|wrong_order_direction|missing_subquery,5,"SELECT T1.name , T2.date_of_treatment FROM Dogs AS T1 JOIN Treatments AS T2 ON T1.dog_id = T2.dog_id ORDER BY count(*) DESC LIMIT 1","SELECT T1.name , T2.date_of_treatment FROM Dogs AS T1 JOIN Treatments AS T2 ON T1.dog_id = T2.dog_id WHERE T1.breed_code = ( SELECT breed_code FROM Dogs GROUP BY breed_code ORDER BY count(*) ASC LIMIT 1 )"
956,True,,0,"SELECT T1.first_name , T2.name FROM Owners AS T1 JOIN Dogs AS T2 ON T1.owner_id = T2.owner_id WHERE T1.state = ""VA""","SELECT T1.first_name , T2.name FROM Owners AS T1 JOIN Dogs AS T2 ON T1.owner_id = T2.owner_id WHERE T1.state = 'Virginia'"
957,True,,0,"SELECT T1.first_name , T2.name FROM Owners AS T1 JOIN Dogs AS T2 ON T1.owner_id = T2.owner_id WHERE T1.state = ""VA""","SELECT T1.first_name , T2.name FROM Owners AS T1 JOIN Dogs AS T2 ON T1.owner_id = T2.owner_id WHERE T1.state = 'Virginia'"
958,False,missing_distinct,1,"SELECT T1.date_arrived , T2.date_departed FROM Dogs AS T1 JOIN Treatments AS T2 ON T1.dog_id = T2.dog_id","SELECT DISTINCT T1.date_arrived , T1.date_departed FROM Dogs AS T1 JOIN Treatments AS T2 ON T1.dog_id = T2.dog_id"
959,False,hallucinated_column|missing_column|wrong_select_column|missing_select_column|missing_distinct,5,"SELECT T1.date_of_arrival , T2.date_departed FROM Dogs AS T1 JOIN Treatments AS T2 ON T1.dog_id = T2.dog_id","SELECT DISTINCT T1.date_arrived , T1.date_departed FROM Dogs AS T1 JOIN Treatments AS T2 ON T1.dog_id = T2.dog_id"
960,False,missing_aggregation|missing_where|extra_order_by|extra_limit|missing_subquery,5,SELECT T1.last_name FROM Owners AS T1 JOIN Dogs AS T2 ON T1.owner_id = T2.owner_id ORDER BY T2.age LIMIT 1,SELECT T1.last_name FROM Owners AS T1 JOIN Dogs AS T2 ON T1.owner_id = T2.owner_id WHERE T2.age = ( SELECT max(age) FROM Dogs )
961,False,missing_aggregation|missing_where|extra_order_by|extra_limit|missing_subquery,5,SELECT T1.last_name FROM Owners AS T1 JOIN Dogs AS T2 ON T1.owner_id = T2.owner_id ORDER BY T2.age LIMIT 1,SELECT T1.last_name FROM Owners AS T1 JOIN Dogs AS T2 ON T1.owner_id = T2.owner_id WHERE T2.age = ( SELECT max(age) FROM Dogs )
962,True,,0,SELECT email_address FROM Professionals WHERE state = 'Hawaii' OR state = 'Wisconsin',SELECT email_address FROM Professionals WHERE state = 'Hawaii' OR state = 'Wisconsin'
963,True,,0,SELECT email_address FROM Professionals WHERE state = 'Hawaii' OR state = 'Wisconsin',SELECT email_address FROM Professionals WHERE state = 'Hawaii' OR state = 'Wisconsin'
964,True,,0,"SELECT date_arrived , date_departed FROM Dogs","SELECT date_arrived , date_departed FROM Dogs"
965,False,wrong_select_column|missing_select_column,2,"SELECT date_of_arrival , date_of_departure FROM Dogs","SELECT date_arrived , date_departed FROM Dogs"
966,False,missing_table|hallucinated_table|wrong_select_column|missing_select_column|extra_where|extra_subquery,6,SELECT count(*) FROM Dogs WHERE dog_id IN ( SELECT dog_id FROM Treatments ),SELECT count(DISTINCT dog_id) FROM Treatments
967,False,missing_table|hallucinated_table|hallucinated_column|wrong_select_column|missing_select_column|extra_join,6,SELECT count(*) FROM T1 AS T2 JOIN T3 AS T1 ON T2.dog_id = T1.dog_id,SELECT count(DISTINCT dog_id) FROM Treatments
968,False,hallucinated_table|hallucinated_column|wrong_select_column|missing_select_column|extra_join,5,SELECT count(*) FROM professionals AS T1 JOIN treatments AS T2 ON T1.professional_id = T2.professional_id,SELECT count(DISTINCT professional_id) FROM Treatments
969,False,hallucinated_table|hallucinated_column|wrong_select_column|missing_select_column|extra_join,5,SELECT count(*) FROM professionals AS T1 JOIN treatments AS T2 ON T1.professional_id = T2.professional_id,SELECT count(DISTINCT professional_id) FROM Treatments
970,False,hallucinated_table|hallucinated_column|extra_join,3,"SELECT T1.role_code , T1.street , T1.city , T1.state FROM Professionals AS T1 JOIN Owners AS T2 ON T1.professional_id = T2.owner_id WHERE T2.city LIKE '%West%'","SELECT role_code , street , city , state FROM professionals WHERE city LIKE '%West%'"
971,True,,0,"SELECT role_code , street , city , state FROM Professionals WHERE city LIKE '%West%'","SELECT role_code , street , city , state FROM professionals WHERE city LIKE '%West%'"
972,False,hallucinated_table|hallucinated_column|extra_join,3,"SELECT T1.first_name , T1.last_name , T1.email_address FROM Owners AS T1 JOIN Addresses AS T2 ON T1.owner_id = T2.owner_id WHERE T2.state LIKE '%North%'","SELECT first_name , last_name , email_address FROM Owners WHERE state LIKE '%North%'"
973,True,,0,"SELECT first_name , last_name , email_address FROM Owners WHERE state LIKE '%North%'","SELECT first_name , last_name , email_address FROM Owners WHERE state LIKE '%North%'"
974,True,,0,SELECT count(*) FROM Dogs WHERE age < (SELECT avg(age) FROM Dogs),SELECT count(*) FROM Dogs WHERE age < ( SELECT avg(age) FROM Dogs )
975,True,,0,SELECT count(*) FROM Dogs WHERE age < (SELECT avg(age) FROM Dogs),SELECT count(*) FROM Dogs WHERE age < ( SELECT avg(age) FROM Dogs )
976,False,missing_table|hallucinated_table|hallucinated_column|extra_aggregation|extra_where|missing_order_by|missing_limit|extra_subquery,8,SELECT max(cost_of_treatment) FROM T1 WHERE T1.date_of_treatment = ( SELECT max(date_of_treatment) FROM T1 ),SELECT cost_of_treatment FROM Treatments ORDER BY date_of_treatment DESC LIMIT 1
977,False,missing_table|hallucinated_table|hallucinated_column|extra_aggregation|extra_where|missing_order_by|missing_limit|extra_subquery,8,SELECT max(cost_of_treatment) FROM T1 WHERE T1.date_of_treatment = ( SELECT max(date_of_treatment) FROM T1 ),SELECT cost_of_treatment FROM Treatments ORDER BY date_of_treatment DESC LIMIT 1
978,True,,0,SELECT count(*) FROM Dogs WHERE dog_id NOT IN ( SELECT dog_id FROM Treatments ),SELECT count(*) FROM Dogs WHERE dog_id NOT IN ( SELECT dog_id FROM Treatments )
979,True,,0,SELECT count(*) FROM Dogs WHERE dog_id NOT IN ( SELECT dog_id FROM Treatments ),select count(*) from dogs where dog_id not in ( select dog_id from treatments )
980,True,,0,SELECT count(*) FROM Owners WHERE owner_id NOT IN ( SELECT owner_id FROM Dogs ),SELECT count(*) FROM Owners WHERE owner_id NOT IN ( SELECT owner_id FROM Dogs )
981,True,,0,SELECT count(*) FROM Owners WHERE owner_id NOT IN (SELECT owner_id FROM Dogs),SELECT count(*) FROM Owners WHERE owner_id NOT IN ( SELECT owner_id FROM Dogs )
982,True,,0,SELECT count(*) FROM Professionals WHERE professional_id NOT IN ( SELECT professional_id FROM treatments ),SELECT count(*) FROM Professionals WHERE professional_id NOT IN ( SELECT professional_id FROM Treatments )
983,True,,0,SELECT count(*) FROM Professionals WHERE professional_id NOT IN ( SELECT professional_id FROM treatments ),SELECT count(*) FROM Professionals WHERE professional_id NOT IN ( SELECT professional_id FROM Treatments )
984,False,hallucinated_column|extra_join,2,"SELECT T2.name , T2.age , T2.weight FROM Dogs AS T1 JOIN Dogs AS T2 ON T1.dog_id = T2.dog_id WHERE T1.abandoned_yn = 1","SELECT name , age , weight FROM Dogs WHERE abandoned_yn = 1"
985,False,hallucinated_column|extra_join,2,"SELECT T2.name , T2.age , T2.weight FROM Dogs AS T1 JOIN Dogs AS T2 ON T1.dog_id = T2.dog_id WHERE T1.abandoned_yn = 1","SELECT name , age , weight FROM Dogs WHERE abandoned_yn = 1"
986,True,,0,SELECT avg(age) FROM Dogs,SELECT avg(age) FROM Dogs
987,True,,0,SELECT avg(age) FROM Dogs,SELECT avg(age) FROM Dogs
988,True,,0,SELECT max(age) FROM dogs,SELECT max(age) FROM Dogs
989,True,,0,SELECT max(age) FROM dogs,SELECT max(age) FROM Dogs
990,True,,0,"SELECT charge_type , charge_amount FROM Charges","SELECT charge_type , charge_amount FROM Charges"
991,True,,0,"SELECT charge_type , charge_amount FROM Charges","SELECT charge_type , charge_amount FROM Charges"
992,True,,0,SELECT max(charge_amount) FROM charges,SELECT max(charge_amount) FROM Charges
993,True,,0,SELECT max(charge_amount) FROM charges,SELECT max(charge_amount) FROM Charges
994,True,,0,"SELECT email_address , cell_number , home_phone FROM Professionals","SELECT email_address , cell_number , home_phone FROM professionals"
995,True,,0,"SELECT email_address , cell_number , home_phone FROM Professionals","SELECT email_address , cell_number , home_phone FROM professionals"
996,False,missing_table|hallucinated_table|hallucinated_column|wrong_select_column|missing_select_column|extra_join|missing_distinct,7,"SELECT T1.breed_name , T2.size_description FROM BREEDS AS T1 JOIN SIZES AS T2 ON T1.breed_code = T2.breed_code","SELECT DISTINCT breed_code , size_code FROM dogs"
997,False,missing_table|hallucinated_table|hallucinated_column|wrong_select_column|missing_select_column|extra_join,6,"SELECT DISTINCT T1.breed_name , T2.size_description FROM BREEDS AS T1 JOIN SIZES AS T2 ON T1.breed_code = T2.breed_code","SELECT DISTINCT breed_code , size_code FROM dogs"
998,False,missing_table|missing_column|wrong_join_count|missing_distinct,4,"SELECT T1.first_name , T2.treatment_type_description FROM Professionals AS T1 JOIN Treatments AS T2 ON T1.professional_id = T2.professional_id","SELECT DISTINCT T1.first_name , T3.treatment_type_description FROM professionals AS T1 JOIN Treatments AS T2 ON T1.professional_id = T2.professional_id JOIN Treatment_types AS T3 ON T2.treatment_type_code = T3.treatment_type_code"
999,False,missing_table|missing_column|wrong_join_count|missing_distinct,4,"SELECT T1.first_name , T2.treatment_type_description FROM Professionals AS T1 JOIN Treatments AS T2 ON T1.professional_id = T2.professional_id","SELECT DISTINCT T1.first_name , T3.treatment_type_description FROM professionals AS T1 JOIN Treatments AS T2 ON T1.professional_id = T2.professional_id JOIN Treatment_types AS T3 ON T2.treatment_type_code = T3.treatment_type_code"
1000,True,,0,SELECT count(*) FROM singer,SELECT count(*) FROM singer
1001,True,,0,SELECT count(*) FROM singer,SELECT count(*) FROM singer
1002,True,,0,SELECT Name FROM singer ORDER BY Net_Worth_Millions ASC,SELECT Name FROM singer ORDER BY Net_Worth_Millions ASC
1003,True,,0,SELECT name FROM singer ORDER BY net_worth_millions ASC,SELECT Name FROM singer ORDER BY Net_Worth_Millions ASC
1004,True,,0,"SELECT Birth_Year , Citizenship FROM singer","SELECT Birth_Year , Citizenship FROM singer"
1005,True,,0,"SELECT Birth_Year , Citizenship FROM singer","SELECT Birth_Year , Citizenship FROM singer"
1006,True,,0,"SELECT Name FROM singer WHERE Citizenship != ""France""","SELECT Name FROM singer WHERE Citizenship != ""France"""
1007,True,,0,"SELECT name FROM singer WHERE citizenship != ""French""","SELECT Name FROM singer WHERE Citizenship != ""France"""
1008,True,,0,SELECT Name FROM singer WHERE Birth_Year = 1948 OR Birth_Year = 1949,SELECT Name FROM singer WHERE Birth_Year = 1948 OR Birth_Year = 1949
1009,True,,0,SELECT name FROM singer WHERE birth_year = 1948 OR birth_year = 1949,SELECT Name FROM singer WHERE Birth_Year = 1948 OR Birth_Year = 1949
1010,True,,0,SELECT Name FROM singer ORDER BY Net_Worth_Millions DESC LIMIT 1,SELECT Name FROM singer ORDER BY Net_Worth_Millions DESC LIMIT 1
1011,True,,0,SELECT Name FROM singer ORDER BY Net_Worth_Millions DESC LIMIT 1,SELECT Name FROM singer ORDER BY Net_Worth_Millions DESC LIMIT 1
1012,True,,0,"SELECT citizenship , COUNT(*) FROM singer GROUP BY citizenship","SELECT Citizenship , COUNT(*) FROM singer GROUP BY Citizenship"
1013,True,,0,"SELECT count(*) , citizenship FROM singer GROUP BY citizenship","SELECT Citizenship , COUNT(*) FROM singer GROUP BY Citizenship"
1014,True,,0,SELECT citizenship FROM singer GROUP BY citizenship ORDER BY COUNT(*) DESC LIMIT 1,SELECT Citizenship FROM singer GROUP BY Citizenship ORDER BY COUNT(*) DESC LIMIT 1
1015,True,,0,SELECT citizenship FROM singer GROUP BY citizenship ORDER BY COUNT(*) DESC LIMIT 1,select citizenship from singer group by citizenship order by count(*) desc limit 1
1016,True,,0,"SELECT citizenship , max(Net_Worth_Millions) FROM singer GROUP BY citizenship","SELECT Citizenship , max(Net_Worth_Millions) FROM singer GROUP BY Citizenship"
1017,True,,0,"SELECT max(Net_Worth_Millions) , Citizenship FROM singer GROUP BY Citizenship","SELECT Citizenship , max(Net_Worth_Millions) FROM singer GROUP BY Citizenship"
1018,True,,0,"SELECT T2.Title , T1.Name FROM singer AS T1 JOIN song AS T2 ON T1.Singer_ID = T2.Singer_ID","SELECT T2.Title , T1.Name FROM singer AS T1 JOIN song AS T2 ON T1.Singer_ID = T2.Singer_ID"
1019,True,,0,"SELECT T1.Title , T2.Name FROM song AS T1 JOIN singer AS T2 ON T1.Singer_ID = T2.Singer_ID","SELECT T2.Title , T1.Name FROM singer AS T1 JOIN song AS T2 ON T1.Singer_ID = T2.Singer_ID"
1020,True,,0,SELECT DISTINCT T1.Name FROM singer AS T1 JOIN song AS T2 ON T1.Singer_ID = T2.Singer_ID WHERE T2.Sales > 300000,SELECT DISTINCT T1.Name FROM singer AS T1 JOIN song AS T2 ON T1.Singer_ID = T2.Singer_ID WHERE T2.Sales > 300000
1021,True,,0,SELECT DISTINCT T1.Name FROM singer AS T1 JOIN song AS T2 ON T1.Singer_ID = T2.Singer_ID WHERE T2.Sales > 300000,SELECT DISTINCT T1.Name FROM singer AS T1 JOIN song AS T2 ON T1.Singer_ID = T2.Singer_ID WHERE T2.Sales > 300000
1022,False,wrong_group_by_column,1,SELECT T1.Name FROM singer AS T1 JOIN song AS T2 ON T1.Singer_ID = T2.Singer_ID GROUP BY T1.Singer_ID HAVING COUNT(*) > 1,SELECT T1.Name FROM singer AS T1 JOIN song AS T2 ON T1.Singer_ID = T2.Singer_ID GROUP BY T1.Name HAVING COUNT(*) > 1
1023,False,wrong_group_by_column,1,SELECT T1.Name FROM singer AS T1 JOIN song AS T2 ON T1.Singer_ID = T2.Singer_ID GROUP BY T1.Singer_ID HAVING COUNT(*) > 1,SELECT T1.Name FROM singer AS T1 JOIN song AS T2 ON T1.Singer_ID = T2.Singer_ID GROUP BY T1.Name HAVING COUNT(*) > 1
1024,False,wrong_group_by_column,1,"SELECT T1.Name , SUM(T2.Sales) FROM singer AS T1 JOIN song AS T2 ON T1.Singer_ID = T2.Singer_ID GROUP BY T1.Singer_ID","SELECT T1.Name , sum(T2.Sales) FROM singer AS T1 JOIN song AS T2 ON T1.Singer_ID = T2.Singer_ID GROUP BY T1.Name"
1025,True,,0,"SELECT T1.Name , sum(T2.Sales) FROM singer AS T1 JOIN song AS T2 ON T1.Singer_ID = T2.Singer_ID GROUP BY T1.Name","SELECT T1.Name , sum(T2.Sales) FROM singer AS T1 JOIN song AS T2 ON T1.Singer_ID = T2.Singer_ID GROUP BY T1.Name"
1026,True,,0,SELECT Name FROM singer WHERE Singer_ID NOT IN ( SELECT Singer_ID FROM song ),SELECT Name FROM singer WHERE Singer_ID NOT IN (SELECT Singer_ID FROM song)
1027,True,,0,SELECT name FROM singer WHERE singer_id NOT IN ( SELECT singer_id FROM song ),SELECT Name FROM singer WHERE Singer_ID NOT IN (SELECT Singer_ID FROM song)
1028,False,hallucinated_column|extra_join|extra_distinct|wrong_set_op_branch,4,SELECT DISTINCT T2.Citizenship FROM singer AS T1 JOIN singer AS T2 ON T1.Singer_ID = T2.Singer_ID WHERE T1.Birth_Year < 1945 INTERSECT SELECT DISTINCT T2.Citizenship FROM singer AS T1 JOIN singer AS T2 ON T1.Singer_ID = T2.Singer_ID WHERE T1.Birth_Year > 1955,SELECT Citizenship FROM singer WHERE Birth_Year < 1945 INTERSECT SELECT Citizenship FROM singer WHERE Birth_Year > 1955
1029,False,hallucinated_column|extra_join|extra_distinct|wrong_set_op_branch,4,SELECT DISTINCT T2.Citizenship FROM singer AS T1 JOIN singer AS T2 ON T1.Singer_ID = T2.Singer_ID WHERE T1.Birth_Year < 1945 INTERSECT SELECT DISTINCT T2.Citizenship FROM singer AS T1 JOIN singer AS T2 ON T1.Singer_ID = T2.Singer_ID WHERE T1.Birth_Year > 1955,SELECT Citizenship FROM singer WHERE Birth_Year < 1945 INTERSECT SELECT Citizenship FROM singer WHERE Birth_Year > 1955
1030,True,,0,SELECT count(*) FROM OTHER_AVAILABLE_FEATURES,SELECT count(*) FROM Other_Available_Features
1031,True,,0,"SELECT T1.feature_type_name FROM Ref_Feature_Types AS T1 JOIN Other_Available_Features AS T2 ON T1.feature_type_code = T2.feature_type_code WHERE T2.feature_name = ""AirCon""","SELECT T2.feature_type_name FROM Other_Available_Features AS T1 JOIN Ref_Feature_Types AS T2 ON T1.feature_type_code = T2.feature_type_code WHERE T1.feature_name = ""AirCon"""
1032,False,missing_group_by,1,SELECT T1.property_type_description FROM ref_property_types AS T1 JOIN properties AS T2 ON T1.property_type_code = T2.property_type_code,SELECT T2.property_type_description FROM Properties AS T1 JOIN Ref_Property_Types AS T2 ON T1.property_type_code = T2.property_type_code GROUP BY T1.property_type_code
1033,False,hallucinated_table|hallucinated_column|extra_join|wrong_where_operator|missing_set_operation|wrong_set_op_branch|missing_subquery,7,"SELECT T1.property_name FROM Properties AS T1 JOIN OTHER_PROPERTY_FEATURES AS T2 ON T1.property_id = T2.property_id WHERE T1.room_count > 1 AND T2.property_feature_description LIKE ""house"" OR T2.property_feature_description LIKE ""apartment""","SELECT property_name FROM Properties WHERE property_type_code = ""House"" UNION SELECT property_name FROM Properties WHERE property_type_code = ""Apartment"" AND room_count > 1"
